id,sequence,method
molecule_1,C1(OC)C(O)C(C)OC(Oc2c(I)c(C)c(C(=O)SC3C(C)OC(ONC4C(O)C(OC5CC(OC)C(N(C(=O)CN)CC)CO5)C(OC5C6=C(NC(OC)=O)C(=O)CC(O)(/C6=C/CSSC(C)(C)CC(=O)NCCOCCOC)C#C/C=C\C#C5)OC4C)CC3O)c(OC)c2OC)C1O,rand_1
molecule_1,C1(O)C(Oc2c(I)c(C)c(C(SC3C(O)CC(ONC4C(C)OC(OC5C#C/C=C\C#CC6(O)CC(=O)C(NC(=O)OC)=C5/C6=C\CSSC(C)(CC(=O)NCCOCCOC)C)C(OC5OCC(N(C(CN)=O)CC)C(OC)C5)C4O)OC3C)=O)c(OC)c2OC)OC(C)C(O)C1OC,rand_2
molecule_1,O1C(ONC2C(C)OC(OC3C#C/C=C\C#CC4(O)/C(=C/CSSC(CC(NCCOCCOC)=O)(C)C)C3=C(NC(=O)OC)C(=O)C4)C(OC3CC(OC)C(N(CC)C(=O)CN)CO3)C2O)CC(O)C(SC(c2c(OC)c(OC)c(OC3C(O)C(OC)C(O)C(C)O3)c(I)c2C)=O)C1C,rand_3
molecule_1,C1#CC2(O)CC(=O)C(NC(OC)=O)=C(/C2=C\CSSC(C)(CC(NCCOCCOC)=O)C)C(OC2OC(C)C(NOC3CC(O)C(SC(c4c(OC)c(OC)c(OC5OC(C)C(O)C(OC)C5O)c(I)c4C)=O)C(C)O3)C(O)C2OC2CC(OC)C(N(C(=O)CN)CC)CO2)C#C/C=C\1,rand_4
molecule_1,O=C(SC1C(C)OC(ONC2C(O)C(OC3CC(OC)C(N(C(=O)CN)CC)CO3)C(OC3C4=C(NC(OC)=O)C(=O)CC(O)(/C4=C/CSSC(C)(CC(NCCOCCOC)=O)C)C#C/C=C\C#C3)OC2C)CC1O)c1c(OC)c(OC)c(OC2C(O)C(OC)C(O)C(C)O2)c(I)c1C,rand_5
molecule_1,C1#CC(OC2C(OC3OCC(N(C(=O)CN)CC)C(OC)C3)C(O)C(NOC3CC(O)C(SC(c4c(OC)c(OC)c(OC5C(O)C(OC)C(O)C(C)O5)c(I)c4C)=O)C(C)O3)C(C)O2)C2=C(NC(=O)OC)C(=O)CC(O)(/C2=C/CSSC(C)(CC(NCCOCCOC)=O)C)C#C/C=C\1,rand_6
molecule_1,S(C/C=C1/C2(O)C#C/C=C\C#CC(OC3C(OC4CC(OC)C(N(CC)C(CN)=O)CO4)C(O)C(NOC4OC(C)C(SC(=O)c5c(OC)c(OC)c(OC6OC(C)C(O)C(OC)C6O)c(I)c5C)C(O)C4)C(C)O3)C1=C(NC(=O)OC)C(=O)C2)SC(C)(C)CC(NCCOCCOC)=O,rand_7
molecule_1,C1#CC(OC2C(OC3CC(OC)C(N(CC)C(=O)CN)CO3)C(O)C(NOC3OC(C)C(SC(=O)c4c(OC)c(OC)c(OC5OC(C)C(O)C(OC)C5O)c(I)c4C)C(O)C3)C(C)O2)C2=C(NC(=O)OC)C(=O)CC(O)(/C2=C/CSSC(C)(C)CC(=O)NCCOCCOC)C#C/C=C\1,rand_8
molecule_1,O1C(C)C(O)C(OC)C(O)C1Oc1c(I)c(C)c(C(SC2C(O)CC(ONC3C(O)C(OC4OCC(N(C(CN)=O)CC)C(OC)C4)C(OC4C#C/C=C\C#CC5(O)/C(=C/CSSC(CC(=O)NCCOCCOC)(C)C)C4=C(NC(OC)=O)C(=O)C5)OC3C)OC2C)=O)c(OC)c1OC,rand_9
molecule_1,C1=C\C#CC(OC2OC(C)C(NOC3CC(O)C(SC(=O)c4c(C)c(I)c(OC5C(O)C(OC)C(O)C(C)O5)c(OC)c4OC)C(C)O3)C(O)C2OC2CC(OC)C(N(C(=O)CN)CC)CO2)C2=C(NC(OC)=O)C(=O)CC(O)(C#C/1)/C2=C/CSSC(C)(CC(=O)NCCOCCOC)C,rand_10
molecule_2,O=C([C@H](C)N(C)C(CCC(S)C)=O)O[C@H]1CC(=O)N(C)c2c(Cl)c(OC)cc(c2)C/C(C)=C/C=C/[C@@H](OC)[C@@]2(O)C[C@H](OC(=O)N2)[C@@H](C)[C@@H]2O[C@@]12C,rand_1
molecule_2,O=C(CCC(S)C)N([C@H](C(O[C@H]1CC(=O)N(C)c2cc(cc(OC)c2Cl)C/C(C)=C/C=C/[C@@H](OC)[C@]2(O)NC(=O)O[C@H]([C@@H](C)[C@@H]3O[C@@]13C)C2)=O)C)C,rand_2
molecule_2,c1c2c(Cl)c(OC)cc1C/C(C)=C/C=C/[C@@H](OC)[C@]1(O)NC(=O)O[C@H]([C@@H](C)[C@H]3[C@@](C)(O3)[C@@H](OC(=O)[C@H](C)N(C(=O)CCC(C)S)C)CC(=O)N2C)C1,rand_3
molecule_2,[C@@H]1(OC(=O)[C@H](C)N(C)C(=O)CCC(C)S)[C@]2(C)O[C@H]2[C@H](C)[C@H]2OC(=O)N[C@](O)(C2)[C@H](OC)/C=C/C=C(\C)Cc2cc(c(Cl)c(OC)c2)N(C)C(=O)C1,rand_4
molecule_2,N([C@@H](C)C(O[C@H]1CC(=O)N(C)c2cc(cc(OC)c2Cl)C/C(C)=C/C=C/[C@@H](OC)[C@@]2(O)C[C@H](OC(=O)N2)[C@@H](C)[C@H]2[C@@]1(C)O2)=O)(C(=O)CCC(C)S)C,rand_5
molecule_2,O[C@]12C[C@H](OC(=O)N1)[C@@H](C)[C@@H]1O[C@@]1(C)[C@@H](OC([C@@H](N(C(CCC(C)S)=O)C)C)=O)CC(=O)N(C)c1c(Cl)c(OC)cc(c1)C/C(C)=C/C=C/[C@H]2OC,rand_6
molecule_2,O=C1N(C)c2cc(cc(OC)c2Cl)C/C(C)=C/C=C/[C@@H](OC)[C@@]2(O)C[C@@H]([C@@H](C)[C@@H]3O[C@@]3(C)[C@@H](OC([C@@H](N(C(CCC(S)C)=O)C)C)=O)C1)OC(=O)N2,rand_7
molecule_2,O1[C@@H]2[C@@H](C)[C@H]3[C@](C)([C@@H](OC(=O)[C@H](C)N(C)C(=O)CCC(S)C)CC(=O)N(C)c4cc(cc(OC)c4Cl)C/C(C)=C/C=C/[C@@H](OC)[C@](O)(NC1=O)C2)O3,rand_8
molecule_2,C1=C/[C@@H](OC)[C@]2(O)NC(=O)O[C@@H](C2)[C@@H](C)[C@H]2[C@](C)([C@@H](OC([C@@H](N(C(=O)CCC(S)C)C)C)=O)CC(=O)N(C)c3c(Cl)c(OC)cc(c3)C/C(C)=C/1)O2,rand_9
molecule_2,O1[C@H]2[C@H](C)[C@@H]3C[C@@](O)(NC(=O)O3)[C@H](OC)/C=C/C=C(\C)Cc3cc(c(Cl)c(OC)c3)N(C)C(=O)C[C@H](OC([C@@H](N(C)C(CCC(C)S)=O)C)=O)[C@]12C,rand_10
molecule_3,C12CC(=C)CN1C(=O)c1cc(OC)c(OCCCOc3c(OC)cc4c(c3)N=CC3CC(=C)CN3C4=O)cc1N=C2,rand_1
molecule_3,C=C1CN2C(C=Nc3c(cc(OC)c(OCCCOc4c(OC)cc5c(c4)N=CC4CC(=C)CN4C5=O)c3)C2=O)C1,rand_2
molecule_3,C1=Nc2cc(OCCCOc3c(OC)cc4c(c3)N=CC3N(CC(=C)C3)C4=O)c(OC)cc2C(=O)N2C1CC(=C)C2,rand_3
molecule_3,c1c2c(cc(OCCCOc3cc4c(cc3OC)C(=O)N3CC(=C)CC3C=N4)c1OC)N=CC1N(CC(=C)C1)C2=O,rand_4
molecule_3,O(c1cc2c(cc1OCCCOc1c(OC)cc3c(c1)N=CC1CC(=C)CN1C3=O)N=CC1N(C2=O)CC(=C)C1)C,rand_5
molecule_3,c12cc(OCCCOc3c(OC)cc4c(c3)N=CC3N(C4=O)CC(=C)C3)c(OC)cc1C(=O)N1CC(=C)CC1C=N2,rand_6
molecule_3,O(CCCOc1cc2c(cc1OC)C(=O)N1C(C=N2)CC(=C)C1)c1cc2c(cc1OC)C(=O)N1CC(=C)CC1C=N2,rand_7
molecule_3,c12cc(OC)c(OCCCOc3cc4c(cc3OC)C(=O)N3CC(=C)CC3C=N4)cc1N=CC1N(CC(=C)C1)C2=O,rand_8
molecule_3,O(c1cc2c(cc1OCCCOc1cc3c(cc1OC)C(=O)N1C(C=N3)CC(=C)C1)N=CC1N(CC(=C)C1)C2=O)C,rand_9
molecule_3,C1=Nc2c(cc(OC)c(OCCCOc3cc4c(cc3OC)C(=O)N3C(CC(=C)C3)C=N4)c2)C(=O)N2C1CC(=C)C2,rand_10
molecule_4,N(C(CO)=O)[C@@H]1c2c3c(cc(F)c(C)c3CC1)nc1c2Cn2c-1cc1c(c2=O)COC(=O)[C@]1(O)CC,rand_1
molecule_4,C1c2c(nc3c4c2[C@@H](NC(=O)CO)CCc4c(C)c(F)c3)-c2cc3c(c(=O)n21)COC(=O)[C@@]3(CC)O,rand_2
molecule_4,c12c(=O)n3c(cc1[C@@](O)(CC)C(=O)OC2)-c1nc2c4c(c(C)c(F)c2)CC[C@H](NC(CO)=O)c4c1C3,rand_3
molecule_4,[C@H]1(NC(=O)CO)CCc2c3c(cc(F)c2C)nc2c(c31)Cn1c-2cc2c(c1=O)COC(=O)[C@]2(O)CC,rand_4
molecule_4,C(=O)(N[C@H]1CCc2c3c(nc4c(c31)Cn1c-4cc3c(c1=O)COC(=O)[C@@]3(CC)O)cc(F)c2C)CO,rand_5
molecule_4,c12c3c(c4c(nc3cc(F)c1C)-c1cc3c(c(=O)n1C4)COC(=O)[C@@]3(CC)O)[C@@H](NC(CO)=O)CC2,rand_6
molecule_4,O=C(CO)N[C@H]1CCc2c(C)c(F)cc3nc4c(c1c23)Cn1c(=O)c2c(cc1-4)[C@](CC)(O)C(=O)OC2,rand_7
molecule_4,CC[C@@]1(O)C(=O)OCc2c(=O)n3c(cc21)-c1c(c2c4c(c(C)c(F)cc4n1)CC[C@@H]2NC(CO)=O)C3,rand_8
molecule_4,c12c3c(C)c(F)cc1nc1c(c2[C@@H](NC(=O)CO)CC3)Cn2c(=O)c3c(cc2-1)[C@@](O)(CC)C(=O)OC3,rand_9
molecule_4,Cc1c2c3c(c4c(nc3cc1F)-c1n(c(=O)c3c(c1)[C@](CC)(O)C(=O)OC3)C4)[C@@H](NC(=O)CO)CC2,rand_10
molecule_5,[C@H](O)(c1ccccc1)[C@@H](C)NC(=O)[C@@H]([C@@H](OC)[C@H]1N(C(C[C@@H](OC)[C@H]([C@@H](C)CC)N(C([C@H](C(C)C)NC(=O)[C@@H](NC)C(C)C)=O)C)=O)CCC1)C,rand_1
molecule_5,N([C@H](C(=O)N(C)[C@@H]([C@H](CC)C)[C@H](OC)CC(N1[C@H]([C@H](OC)[C@H](C(N[C@H](C)[C@H](c2ccccc2)O)=O)C)CCC1)=O)C(C)C)C(=O)[C@@H](NC)C(C)C,rand_2
molecule_5,C1[C@@H]([C@@H]([C@@H](C)C(=O)N[C@@H]([C@H](c2ccccc2)O)C)OC)N(C(C[C@H]([C@H]([C@H](CC)C)N(C(=O)[C@H](C(C)C)NC(=O)[C@@H](NC)C(C)C)C)OC)=O)CC1,rand_3
molecule_5,c1cc([C@@H]([C@H](NC(=O)[C@@H]([C@H]([C@@H]2CCCN2C(C[C@H]([C@@H](N(C)C(=O)[C@@H](NC([C@@H](NC)C(C)C)=O)C(C)C)[C@@H](C)CC)OC)=O)OC)C)C)O)ccc1,rand_4
molecule_5,CO[C@H](CC(=O)N1CCC[C@H]1[C@@H]([C@H](C(N[C@H](C)[C@@H](O)c1ccccc1)=O)C)OC)[C@H]([C@@H](C)CC)N(C(=O)[C@@H](NC(=O)[C@@H](NC)C(C)C)C(C)C)C,rand_5
molecule_5,CN[C@H](C(=O)N[C@@H](C(C)C)C(N([C@H]([C@@H](CC(=O)N1[C@H]([C@H](OC)[C@H](C(N[C@H](C)[C@H](c2ccccc2)O)=O)C)CCC1)OC)[C@@H](C)CC)C)=O)C(C)C,rand_6
molecule_5,[C@H](C(=O)N(C)[C@@H]([C@H](CC)C)[C@H](OC)CC(N1CCC[C@H]1[C@H](OC)[C@H](C(=O)N[C@@H]([C@@H](O)c1ccccc1)C)C)=O)(NC(=O)[C@H](C(C)C)NC)C(C)C,rand_7
molecule_5,N(C)[C@@H](C(C)C)C(N[C@@H](C(C)C)C(=O)N(C)[C@@H]([C@H](CC)C)[C@H](OC)CC(N1[C@H]([C@H](OC)[C@@H](C)C(=O)N[C@@H]([C@H](c2ccccc2)O)C)CCC1)=O)=O,rand_8
molecule_5,[C@@H](C)([C@@H]([C@H](OC)CC(=O)N1[C@H]([C@H](OC)[C@H](C(N[C@H](C)[C@H](c2ccccc2)O)=O)C)CCC1)N(C)C([C@@H](NC(=O)[C@H](C(C)C)NC)C(C)C)=O)CC,rand_9
molecule_5,c1cccc([C@@H]([C@@H](C)NC(=O)[C@@H]([C@@H](OC)[C@@H]2CCCN2C(C[C@@H](OC)[C@H]([C@@H](C)CC)N(C)C([C@@H](NC([C@H](C(C)C)NC)=O)C(C)C)=O)=O)C)O)c1,rand_10
molecule_6,C([C@@H](N(C)C(CCC(C)(C)S)=O)C)(=O)O[C@H]1CC(=O)N(C)c2c(Cl)c(OC)cc(c2)C/C(C)=C/C=C/[C@@H](OC)[C@@]2(O)C[C@H](OC(=O)N2)[C@@H](C)[C@@H]2O[C@@]12C,rand_1
molecule_6,C(CC(C)(C)S)C(=O)N([C@H](C(O[C@H]1CC(=O)N(C)c2cc(cc(OC)c2Cl)C/C(C)=C/C=C/[C@@H](OC)[C@]2(O)NC(=O)O[C@H]([C@@H](C)[C@@H]3O[C@@]13C)C2)=O)C)C,rand_2
molecule_6,c1c2c(Cl)c(OC)cc1C/C(C)=C/C=C/[C@@H](OC)[C@]1(O)NC(=O)O[C@H]([C@@H](C)[C@@H]3O[C@@]3(C)[C@@H](OC(=O)[C@@H](N(C(=O)CCC(C)(S)C)C)C)CC(=O)N2C)C1,rand_3
molecule_6,[C@@]12(O)NC(=O)O[C@@H](C1)[C@@H](C)[C@@H]1O[C@@]1(C)[C@@H](OC(=O)[C@@H](N(C)C(=O)CCC(C)(S)C)C)CC(=O)N(C)c1cc(cc(OC)c1Cl)C/C(C)=C/C=C/[C@H]2OC,rand_4
molecule_6,C1(=O)O[C@H]2C[C@](O)([C@H](OC)/C=C/C=C(\C)Cc3cc(c(Cl)c(OC)c3)N(C)C(=O)C[C@H](OC(=O)[C@@H](N(C(=O)CCC(C)(S)C)C)C)[C@@]3(C)[C@H]([C@@H]2C)O3)N1,rand_5
molecule_6,O[C@]12C[C@H](OC(=O)N1)[C@@H](C)[C@@H]1O[C@@]1(C)[C@@H](OC([C@@H](N(C(=O)CCC(C)(S)C)C)C)=O)CC(=O)N(C)c1c(Cl)c(OC)cc(c1)C/C(C)=C/C=C/[C@H]2OC,rand_6
molecule_6,O=C1N(C)c2cc(cc(OC)c2Cl)C/C(C)=C/C=C/[C@@H](OC)[C@]2(O)NC(=O)O[C@H]([C@@H](C)[C@@H]3O[C@@]3(C)[C@@H](OC([C@@H](N(C(=O)CCC(C)(S)C)C)C)=O)C1)C2,rand_7
molecule_6,O1[C@@H]2[C@@H](C)[C@H]3[C@](C)([C@@H](OC(=O)[C@H](C)N(C)C(CCC(C)(S)C)=O)CC(=O)N(C)c4cc(cc(OC)c4Cl)C/C(C)=C/C=C/[C@@H](OC)[C@](O)(NC1=O)C2)O3,rand_8
molecule_6,C1=C/[C@@H](OC)[C@]2(O)NC(=O)O[C@@H](C2)[C@@H](C)[C@H]2[C@](C)([C@@H](OC([C@@H](N(C(CCC(C)(S)C)=O)C)C)=O)CC(=O)N(C)c3c(Cl)c(OC)cc(c3)C/C(C)=C/1)O2,rand_9
molecule_6,N1(C)C(=O)C[C@H](OC(=O)[C@@H](N(C)C(CCC(C)(S)C)=O)C)[C@@]2(C)[C@@H](O2)[C@H](C)[C@@H]2C[C@@](O)(NC(=O)O2)[C@H](OC)/C=C/C=C(\C)Cc2cc1c(Cl)c(OC)c2,rand_10
molecule_7,O1[C@@H]2[C@]1(C)[C@@H](OC(=O)[C@H](C)N(C)C(CCS)=O)CC(=O)N(C)c1c(Cl)c(OC)cc(c1)C/C(C)=C/C=C/[C@@H](OC)[C@@]1(O)C[C@H](OC(=O)N1)[C@H]2C,rand_1
molecule_7,C(=O)(CCS)N([C@@H](C)C(O[C@H]1CC(=O)N(C)c2cc(cc(OC)c2Cl)C/C(C)=C/C=C/[C@@H](OC)[C@@]2(O)C[C@H](OC(=O)N2)[C@@H](C)[C@@H]2O[C@@]12C)=O)C,rand_2
molecule_7,c1c2c(Cl)c(OC)cc1C/C(C)=C/C=C/[C@@H](OC)[C@]1(O)NC(=O)O[C@H]([C@@H](C)[C@H]3[C@@](C)(O3)[C@@H](OC(=O)[C@@H](N(C(=O)CCS)C)C)CC(=O)N2C)C1,rand_3
molecule_7,C1=C/C=C(\C)Cc2cc(c(Cl)c(OC)c2)N(C)C(=O)C[C@H](OC(=O)[C@H](C)N(C)C(=O)CCS)[C@]2(C)O[C@H]2[C@H](C)[C@H]2OC(=O)N[C@](O)(C2)[C@@H]/1OC,rand_4
molecule_7,C/C1=C\C=C\[C@@H](OC)[C@@]2(O)C[C@H](OC(=O)N2)[C@@H](C)[C@H]2[C@](C)([C@@H](OC(=O)[C@@H](N(C(=O)CCS)C)C)CC(=O)N(C)c3cc(cc(OC)c3Cl)C1)O2,rand_5
molecule_7,O[C@]12C[C@H](OC(=O)N1)[C@@H](C)[C@@H]1O[C@@]1(C)[C@@H](OC(=O)[C@@H](N(C(CCS)=O)C)C)CC(=O)N(C)c1c(Cl)c(OC)cc(c1)C/C(C)=C/C=C/[C@H]2OC,rand_6
molecule_7,c12cc(cc(OC)c1Cl)C/C(C)=C/C=C/[C@@H](OC)[C@]1(O)NC(=O)O[C@H]([C@@H](C)[C@@H]3O[C@@]3(C)[C@@H](OC([C@@H](N(C(CCS)=O)C)C)=O)CC(=O)N2C)C1,rand_7
molecule_7,CO[C@H]1[C@]2(O)NC(=O)O[C@H]([C@@H](C)[C@H]3[C@](C)([C@@H](OC([C@H](C)N(C(CCS)=O)C)=O)CC(=O)N(C)c4cc(cc(OC)c4Cl)C/C(C)=C/C=C/1)O3)C2,rand_8
molecule_7,C1(=O)N(C)c2c(Cl)c(OC)cc(c2)C/C(C)=C/C=C/[C@@H](OC)[C@]2(O)NC(=O)O[C@@H](C2)[C@@H](C)[C@H]2[C@](C)([C@@H](OC([C@@H](N(C)C(=O)CCS)C)=O)C1)O2,rand_9
molecule_7,O=C(N([C@H](C(=O)O[C@H]1CC(=O)N(C)c2cc(cc(OC)c2Cl)C/C(C)=C/C=C/[C@@H](OC)[C@@]2(O)C[C@@H]([C@@H](C)[C@@H]3O[C@]31C)OC(=O)N2)C)C)CCS,rand_10
molecule_8,O(C)[C@@H]([C@H]1N(C(C[C@@H](OC)[C@H]([C@@H](C)CC)N(C)C(=O)[C@H](C(C)C)NC(=O)[C@@H](NC)C(C)C)=O)CCC1)[C@H](C(N[C@@H](Cc1ccccc1)C(O)=O)=O)C,rand_1
molecule_8,C([C@@H](NC([C@H](C(C)C)NC)=O)C(C)C)(=O)N(C)[C@@H]([C@H](CC)C)[C@@H](CC(N1[C@H]([C@H](OC)[C@H](C(N[C@H](C(O)=O)Cc2ccccc2)=O)C)CCC1)=O)OC,rand_2
molecule_8,C1[C@@H]([C@@H]([C@@H](C)C(=O)N[C@H](C(O)=O)Cc2ccccc2)OC)N(C(C[C@@H](OC)[C@@H](N(C)C([C@H](C(C)C)NC(=O)[C@@H](NC)C(C)C)=O)[C@H](CC)C)=O)CC1,rand_3
molecule_8,c1cccc(C[C@@H](C(=O)O)NC([C@@H]([C@@H](OC)[C@@H]2CCCN2C(C[C@H]([C@@H](N(C(=O)[C@@H](NC(=O)[C@@H](NC)C(C)C)C(C)C)C)[C@@H](C)CC)OC)=O)C)=O)c1,rand_4
molecule_8,CO[C@H](CC(=O)N1CCC[C@H]1[C@H](OC)[C@H](C(N[C@@H](Cc1ccccc1)C(=O)O)=O)C)[C@H]([C@@H](C)CC)N(C([C@@H](NC(=O)[C@@H](NC)C(C)C)C(C)C)=O)C,rand_5
molecule_8,CN[C@H](C(N[C@@H](C(C)C)C(=O)N(C)[C@H]([C@@H](CC(=O)N1[C@H]([C@H](OC)[C@H](C(N[C@@H](Cc2ccccc2)C(O)=O)=O)C)CCC1)OC)[C@@H](C)CC)=O)C(C)C,rand_6
molecule_8,c1(C[C@@H](C(=O)O)NC([C@H](C)[C@H]([C@H]2N(C(C[C@@H](OC)[C@H]([C@H](CC)C)N(C)C(=O)[C@H](C(C)C)NC(=O)[C@@H](NC)C(C)C)=O)CCC2)OC)=O)ccccc1,rand_7
molecule_8,N(C)[C@@H](C(C)C)C(=O)N[C@H](C(N([C@@H]([C@H](CC)C)[C@H](OC)CC(N1[C@H]([C@H](OC)[C@@H](C)C(=O)N[C@H](C(O)=O)Cc2ccccc2)CCC1)=O)C)=O)C(C)C,rand_8
molecule_8,C(C[C@H]([C@H]([C@@H](C)CC)N(C([C@@H](NC(=O)[C@H](C(C)C)NC)C(C)C)=O)C)OC)(=O)N1[C@H]([C@H](OC)[C@H](C(N[C@@H](Cc2ccccc2)C(O)=O)=O)C)CCC1,rand_9
molecule_8,c1ccccc1C[C@H](NC(=O)[C@@H]([C@@H](OC)[C@@H]1CCCN1C(C[C@H]([C@H]([C@@H](C)CC)N(C(=O)[C@@H](NC([C@H](C(C)C)NC)=O)C(C)C)C)OC)=O)C)C(O)=O,rand_10
molecule_9,C1C(=O)C[C@@H]2[C@@H](OC)[C@@H](C[C@H](O)CN)O[C@H]2C[C@H]2O[C@H](C[C@@H](C)C2=C)CC[C@H]2C(=C)C[C@@H](O2)CC[C@@]23O[C@H]4[C@H]5O[C@@H]1CC[C@@H]5O[C@H]1[C@@H](O2)[C@H](O[C@H]14)C3,rand_1
molecule_9,C1[C@@H]2O[C@H](C[C@@H](CN)O)[C@H](OC)[C@H]2CC(=O)C[C@@H]2O[C@H]3[C@H](CC2)O[C@H]2[C@@H]4[C@@H]5O[C@H]2[C@H]3O[C@](CC[C@H]2CC(=C)[C@H](CC[C@H]3C[C@@H](C)C(=C)[C@@H]1O3)O2)(O4)C5,rand_2
molecule_9,C1C[C@@]23O[C@@H]4[C@H]5[C@H]([C@@H](O2)[C@@H](C3)O5)O[C@H]2CC[C@H](CC(=O)C[C@H]3[C@H](C[C@@H]5C(=C)[C@H](C)C[C@H](CC[C@@H]6O[C@@H]1CC6=C)O5)O[C@H](C[C@@H](CN)O)[C@@H]3OC)O[C@@H]24,rand_3
molecule_9,[C@H]12[C@@H]3CC[C@H](CC(=O)C[C@@H]4[C@@H](OC)[C@@H](C[C@@H](CN)O)O[C@H]4C[C@H]4O[C@@H](CC[C@H]5C(=C)C[C@@H](O5)CC[C@]56C[C@@H]7[C@H](O5)[C@@H]([C@H]([C@H]1O6)O7)O3)C[C@@H](C)C4=C)O2,rand_4
molecule_9,C1C(=O)C[C@H]2CC[C@H]3[C@@H]([C@@H]4O[C@@]5(O[C@@H]6[C@H](O3)[C@H]4O[C@@H]6C5)CC[C@@H]3O[C@@H](CC[C@H]4C[C@@H](C)C(=C)[C@H](O4)C[C@@H]4O[C@H](C[C@H](O)CN)[C@H](OC)[C@@H]14)C(=C)C3)O2,rand_5
molecule_9,O[C@H](CN)C[C@@H]1[C@H](OC)[C@H]2CC(=O)C[C@@H]3O[C@@H]4[C@@H]5O[C@@]6(O[C@@H]7[C@H](O[C@H]4CC3)[C@H]5O[C@@H]7C6)CC[C@@H]3O[C@H](C(=C)C3)CC[C@@H]3O[C@@H](C(=C)[C@H](C)C3)C[C@@H]2O1,rand_6
molecule_9,[C@@H]12[C@@H]3O[C@@H]4C[C@@]5(O[C@@H]4[C@@H]3O[C@H]3CC[C@@H](O[C@H]13)CC(=O)C[C@H]1[C@H](C[C@H]3O[C@H](C[C@@H](C)C3=C)CC[C@@H]3O[C@H](CC3=C)CC5)O[C@H](C[C@H](O)CN)[C@@H]1OC)O2,rand_7
molecule_9,NC[C@@H](O)C[C@H]1O[C@@H]2[C@@H]([C@H]1OC)CC(=O)C[C@H]1CC[C@H]3[C@@H]([C@@H]4O[C@@]5(O[C@H]6[C@@H](C5)O[C@@H]4[C@H]6O3)CC[C@@H]3O[C@H](C(=C)C3)CC[C@H]3C[C@@H](C)C(=C)[C@@H](C2)O3)O1,rand_8
molecule_9,C1(=C)[C@@H]2CC[C@H]3C[C@@H](C)C(=C)[C@@H](C[C@@H]4O[C@H](C[C@@H](CN)O)[C@H](OC)[C@H]4CC(=O)C[C@@H]4O[C@H]5[C@@H](O[C@@H]6[C@H]7O[C@@H]8C[C@@](O[C@H]75)(CC[C@@H](C1)O2)O[C@@H]86)CC4)O3,rand_9
molecule_9,C1[C@@H]2O[C@@H]3[C@H]4O[C@H]5[C@@H]3O[C@@]3(O[C@H]4[C@H]2O[C@@H](CC(=O)C[C@@H]2[C@@H](OC)[C@@H](C[C@@H](CN)O)O[C@H]2C[C@H]2O[C@H](C[C@@H](C)C2=C)CC[C@H]2C(=C)C[C@H](CC3)O2)C1)C5,rand_10
molecule_10,c1c(CN(C)C)ccc(Cc2nc3c(nc(N)nc3NCCCC)cc2)c1,rand_1
molecule_10,n1c2c(nc(N)nc2NCCCC)ccc1Cc1ccc(CN(C)C)cc1,rand_2
molecule_10,c1(CN(C)C)ccc(Cc2ccc3nc(N)nc(NCCCC)c3n2)cc1,rand_3
molecule_10,c1c(Cc2ccc3nc(N)nc(NCCCC)c3n2)ccc(CN(C)C)c1,rand_4
molecule_10,c1c(CN(C)C)ccc(Cc2ccc3c(c(NCCCC)nc(N)n3)n2)c1,rand_5
molecule_10,n1c(NCCCC)c2nc(Cc3ccc(CN(C)C)cc3)ccc2nc1N,rand_6
molecule_10,C(CC)CNc1c2nc(Cc3ccc(CN(C)C)cc3)ccc2nc(N)n1,rand_7
molecule_10,CN(C)Cc1ccc(Cc2nc3c(cc2)nc(N)nc3NCCCC)cc1,rand_8
molecule_10,c1(NCCCC)nc(N)nc2c1nc(Cc1ccc(CN(C)C)cc1)cc2,rand_9
molecule_10,c1(N)nc(NCCCC)c2nc(Cc3ccc(CN(C)C)cc3)ccc2n1,rand_10
molecule_11,C1=CC2(C)C3C(O)CC4C5(C(CO)=O)OC(c6ccc(SCc7cccc(N)c7)cc6)OC5CC4C3CCC2=CC1=O,rand_1
molecule_11,Nc1cccc(CSc2ccc(C3OC4CC5C(CC(O)C6C7(C)C=CC(=O)C=C7CCC65)C4(C(CO)=O)O3)cc2)c1,rand_2
molecule_11,c1c(C2OC3(C(=O)CO)C(O2)CC2C3CC(O)C3C4(C)C=CC(=O)C=C4CCC23)ccc(SCc2cc(N)ccc2)c1,rand_3
molecule_11,O1C(c2ccc(SCc3cc(N)ccc3)cc2)OC2CC3C4C(C(O)CC3C12C(CO)=O)C1(C)C(=CC(=O)C=C1)CC4,rand_4
molecule_11,c1c(CSc2ccc(C3OC4(C(=O)CO)C5C(C6C(C7(C)C=CC(=O)C=C7CC6)C(O)C5)CC4O3)cc2)cccc1N,rand_5
molecule_11,C1=C2CCC3C(C(O)CC4C5(C(=O)CO)OC(c6ccc(SCc7cccc(N)c7)cc6)OC5CC43)C2(C)C=CC1=O,rand_6
molecule_11,c1cc(C2OC3(C(=O)CO)C(CC4C5CCC6=CC(=O)C=CC6(C)C5C(O)CC34)O2)ccc1SCc1cc(N)ccc1,rand_7
molecule_11,C12C(CC3C1(C(CO)=O)OC(c1ccc(SCc4cc(N)ccc4)cc1)O3)C1C(C3(C)C(=CC(=O)C=C3)CC1)C(O)C2,rand_8
molecule_11,c1(N)cccc(CSc2ccc(C3OC4CC5C(CC(O)C6C5CCC5=CC(=O)C=CC56C)C4(C(=O)CO)O3)cc2)c1,rand_9
molecule_11,c1c(C2OC3(C(=O)CO)C(CC4C3CC(O)C3C5(C)C(=CC(=O)C=C5)CCC43)O2)ccc(SCc2cccc(N)c2)c1,rand_10
molecule_12,c12c(cccc1C)c(O)cc1c2[C@H](CCl)CN1C(c1nc2ccc(NC(=O)c3ccc(O)cc3)cn2c1)=O,rand_1
molecule_12,c12c(c3c(C)cccc3c(O)c1)[C@H](CCl)CN2C(c1nc2n(cc(NC(=O)c3ccc(O)cc3)cc2)c1)=O,rand_2
molecule_12,c1ccc(C)c2c3c(cc(O)c12)N(C(c1cn2c(ccc(NC(c4ccc(O)cc4)=O)c2)n1)=O)C[C@H]3CCl,rand_3
molecule_12,c1c(C(=O)N2C[C@@H](CCl)c3c4c(c(O)cc32)cccc4C)nc2ccc(NC(=O)c3ccc(O)cc3)cn12,rand_4
molecule_12,c12cccc(C)c1c1c(cc2O)N(C(=O)c2nc3n(cc(NC(c4ccc(O)cc4)=O)cc3)c2)C[C@H]1CCl,rand_5
molecule_12,c1(C(=O)Nc2cn3cc(C(N4C[C@@H](CCl)c5c6c(c(O)cc54)cccc6C)=O)nc3cc2)ccc(O)cc1,rand_6
molecule_12,c12c(c3c(C)cccc3c(O)c1)[C@H](CCl)CN2C(=O)c1cn2c(n1)ccc(NC(=O)c1ccc(O)cc1)c2,rand_7
molecule_12,c1(O)ccc(C(=O)Nc2ccc3nc(C(=O)N4c5c(c6c(C)cccc6c(O)c5)[C@H](CCl)C4)cn3c2)cc1,rand_8
molecule_12,c1c(NC(=O)c2ccc(O)cc2)ccc2n1cc(C(N1c3cc(O)c4cccc(C)c4c3[C@H](CCl)C1)=O)n2,rand_9
molecule_12,n1c2n(cc(NC(=O)c3ccc(O)cc3)cc2)cc1C(N1C[C@@H](CCl)c2c3c(c(O)cc21)cccc3C)=O,rand_10
molecule_13,c1cc(C2OC3(C(COP(O)(O)=O)=O)C(O2)CC2C4C(C5(C)C=CC(=O)C=C5CC4)C(O)CC23C)ccc1Cc1cccc(N)c1,rand_1
molecule_13,c1cc(Cc2cc(N)ccc2)ccc1C1OC2(C(=O)COP(O)(=O)O)C(O1)CC1C3CCC4=CC(=O)C=CC4(C)C3C(O)CC12C,rand_2
molecule_13,O=P(OCC(C12OC(c3ccc(Cc4cc(N)ccc4)cc3)OC1CC1C2(C)CC(O)C2C3(C)C(=CC(=O)C=C3)CCC21)=O)(O)O,rand_3
molecule_13,Nc1cc(Cc2ccc(C3OC4CC5C(C)(C4(C(=O)COP(O)(O)=O)O3)CC(O)C3C5CCC4=CC(=O)C=CC43C)cc2)ccc1,rand_4
molecule_13,c1ccc(N)cc1Cc1ccc(C2OC3C(C(COP(O)(O)=O)=O)(C4(C)C(C5C(C6(C)C=CC(=O)C=C6CC5)C(O)C4)C3)O2)cc1,rand_5
molecule_13,OP(O)(=O)OCC(=O)C12OC(c3ccc(Cc4cccc(N)c4)cc3)OC1CC1C2(C)CC(O)C2C3(C)C(=CC(=O)C=C3)CCC12,rand_6
molecule_13,OC1C2C3(C)C=CC(=O)C=C3CCC2C2C(C)(C3(C(COP(=O)(O)O)=O)OC(c4ccc(Cc5cc(N)ccc5)cc4)OC3C2)C1,rand_7
molecule_13,C(C(C12OC(c3ccc(Cc4cc(N)ccc4)cc3)OC1CC1C2(C)CC(O)C2C3(C)C(=CC(=O)C=C3)CCC12)=O)OP(O)(O)=O,rand_8
molecule_13,O1C(c2ccc(Cc3cc(N)ccc3)cc2)OC2(C(=O)COP(=O)(O)O)C3(C)CC(O)C4C(C3CC12)CCC1=CC(=O)C=CC14C,rand_9
molecule_13,c1c(N)cc(Cc2ccc(C3OC4CC5C6C(C(O)CC5(C)C4(C(COP(O)(=O)O)=O)O3)C3(C)C(=CC(=O)C=C3)CC6)cc2)cc1,rand_10
molecule_14,N12C=C(C)C[C@H]1C=Nc1c(cc(OC)c(OCCCCCOc3cc4c(cc3OC)C(=O)N3C=C(C)C[C@H]3C=N4)c1)C2=O,rand_1
molecule_14,c1c2c(cc(OCCCCCOc3cc4c(cc3OC)C(=O)N3C=C(C)C[C@H]3C=N4)c1OC)N=C[C@H]1N(C2=O)C=C(C)C1,rand_2
molecule_14,c1c(OCCCCCOc2cc3c(cc2OC)C(=O)N2[C@H](C=N3)CC(C)=C2)c(OC)cc2c1N=C[C@@H]1CC(C)=CN1C2=O,rand_3
molecule_14,N1=C[C@@H]2CC(C)=CN2C(=O)c2cc(OC)c(OCCCCCOc3c(OC)cc4c(c3)N=C[C@H]3N(C4=O)C=C(C)C3)cc21,rand_4
molecule_14,c12c(cc(OCCCCCOc3c(OC)cc4c(c3)N=C[C@H]3N(C=C(C)C3)C4=O)c(OC)c1)N=C[C@H]1N(C=C(C)C1)C2=O,rand_5
molecule_14,O(C)c1cc2c(cc1OCCCCCOc1c(OC)cc3c(c1)N=C[C@H]1N(C=C(C)C1)C3=O)N=C[C@H]1N(C=C(C)C1)C2=O,rand_6
molecule_14,C(CCCOc1cc2c(cc1OC)C(=O)N1C=C(C)C[C@H]1C=N2)COc1cc2c(cc1OC)C(=O)N1C=C(C)C[C@H]1C=N2,rand_7
molecule_14,C1(=O)c2c(cc(OCCCCCOc3c(OC)cc4c(c3)N=C[C@@H]3CC(C)=CN3C4=O)c(OC)c2)N=C[C@H]2N1C=C(C)C2,rand_8
molecule_14,c1(OC)c(OCCCCCOc2cc3c(cc2OC)C(=O)N2[C@H](C=N3)CC(C)=C2)cc2c(c1)C(=O)N1C=C(C)C[C@H]1C=N2,rand_9
molecule_14,N1=C[C@H]2N(C(=O)c3cc(OC)c(OCCCCCOc4c(OC)cc5c(c4)N=C[C@H]4N(C=C(C)C4)C5=O)cc31)C=C(C)C2,rand_10
molecule_15,c1c2n(c(=O)c3c1C(O)(CC)C(=O)OC3)Cc1c-2nc2ccc(O)cc2c1CC,rand_1
molecule_15,C(C)c1c2c(nc3c1cc(O)cc3)-c1cc3c(c(=O)n1C2)COC(=O)C3(CC)O,rand_2
molecule_15,O=c1c2c(cc3n1Cc1c(CC)c4c(ccc(O)c4)nc1-3)C(O)(CC)C(=O)OC2,rand_3
molecule_15,c1c2c(ccc1O)nc1c(c2CC)Cn2c(=O)c3c(cc2-1)C(CC)(O)C(=O)OC3,rand_4
molecule_15,c1c2c(CC)c3c(nc2ccc1O)-c1n(c(=O)c2c(c1)C(O)(CC)C(=O)OC2)C3,rand_5
molecule_15,CCc1c2c(ccc(O)c2)nc2c1Cn1c(=O)c3c(cc1-2)C(CC)(O)C(=O)OC3,rand_6
molecule_15,c1(CC)c2cc(O)ccc2nc2c1Cn1c(=O)c3c(cc1-2)C(CC)(O)C(=O)OC3,rand_7
molecule_15,O=C1C(CC)(O)c2cc3n(c(=O)c2CO1)Cc1c-3nc2ccc(O)cc2c1CC,rand_8
molecule_15,n1c2c(c(CC)c3c1ccc(O)c3)Cn1c-2cc2c(c1=O)COC(=O)C2(CC)O,rand_9
molecule_15,c1c2n(c(=O)c3c1C(O)(CC)C(=O)OC3)Cc1c(CC)c3c(ccc(O)c3)nc1-2,rand_10
molecule_16,[C@H]1(NC([C@@H](N)Cc2ccc(OC)cc2)=O)[C@@H](O)[C@H](n2cnc3c(N(C)C)ncnc23)O[C@@H]1CO,rand_1
molecule_16,[C@@H]1(O)[C@H](NC(=O)[C@H](Cc2ccc(OC)cc2)N)[C@@H](CO)O[C@H]1n1cnc2c(N(C)C)ncnc12,rand_2
molecule_16,n1cnc2n([C@H]3[C@H](O)[C@H](NC([C@H](Cc4ccc(OC)cc4)N)=O)[C@@H](CO)O3)cnc2c1N(C)C,rand_3
molecule_16,O1[C@H](CO)[C@@H](NC(=O)[C@@H](N)Cc2ccc(OC)cc2)[C@@H](O)[C@@H]1n1cnc2c(N(C)C)ncnc12,rand_4
molecule_16,O(C)c1ccc(C[C@@H](C(=O)N[C@H]2[C@@H](O)[C@H](n3cnc4c(N(C)C)ncnc34)O[C@@H]2CO)N)cc1,rand_5
molecule_16,c12ncnc(N(C)C)c1ncn2[C@@H]1O[C@H](CO)[C@@H](NC(=O)[C@@H](N)Cc2ccc(OC)cc2)[C@H]1O,rand_6
molecule_16,CN(C)c1c2ncn([C@H]3[C@H](O)[C@H](NC(=O)[C@@H](N)Cc4ccc(OC)cc4)[C@@H](CO)O3)c2ncn1,rand_7
molecule_16,c12ncnc(N(C)C)c1ncn2[C@H]1[C@H](O)[C@H](NC([C@@H](N)Cc2ccc(OC)cc2)=O)[C@@H](CO)O1,rand_8
molecule_16,c1cc(OC)ccc1C[C@@H](C(N[C@H]1[C@@H](O)[C@H](n2c3ncnc(N(C)C)c3nc2)O[C@@H]1CO)=O)N,rand_9
molecule_16,[C@H](Cc1ccc(OC)cc1)(C(=O)N[C@H]1[C@@H](O)[C@H](n2c3ncnc(N(C)C)c3nc2)O[C@@H]1CO)N,rand_10
molecule_17,C(O)C(=O)[C@]1(O)Cc2c(c(O)c3c(c2O)C(=O)c2cccc(OC)c2C3=O)[C@@H](O[C@H]2C[C@H](N3C[C@@H](OC)OCC3)[C@H](O)[C@H](C)O2)C1,rand_1
molecule_17,C1(=O)c2c(OC)cccc2C(=O)c2c(O)c3c(c(O)c21)[C@@H](O[C@H]1C[C@H](N2C[C@@H](OC)OCC2)[C@H](O)[C@H](C)O1)C[C@](O)(C(=O)CO)C3,rand_2
molecule_17,O([C@H]1OCCN([C@H]2C[C@H](O[C@H]3C[C@](O)(C(=O)CO)Cc4c3c(O)c3c(c4O)C(=O)c4cccc(OC)c4C3=O)O[C@@H](C)[C@H]2O)C1)C,rand_3
molecule_17,C([C@]1(O)Cc2c(c(O)c3c(c2O)C(=O)c2c(c(OC)ccc2)C3=O)[C@@H](O[C@H]2C[C@H](N3CCO[C@H](OC)C3)[C@H](O)[C@H](C)O2)C1)(=O)CO,rand_4
molecule_17,c1c2c(c(OC)cc1)C(=O)c1c(c(O)c3c(c1O)[C@@H](O[C@@H]1O[C@@H](C)[C@@H](O)[C@@H](N4C[C@@H](OC)OCC4)C1)C[C@@](C(=O)CO)(O)C3)C2=O,rand_5
molecule_17,O[C@H]1[C@@H](N2CCO[C@H](OC)C2)C[C@H](O[C@@H]2c3c(O)c4c(c(O)c3C[C@@](O)(C(CO)=O)C2)C(=O)c2cccc(OC)c2C4=O)O[C@H]1C,rand_6
molecule_17,c12c(c(O)c3c(c1O)C(=O)c1c(cccc1OC)C3=O)C[C@](C(CO)=O)(O)C[C@@H]2O[C@@H]1O[C@@H](C)[C@@H](O)[C@@H](N2CCO[C@H](OC)C2)C1,rand_7
molecule_17,O1CCN([C@H]2C[C@H](O[C@H]3C[C@@](C(=O)CO)(O)Cc4c(O)c5c(c(O)c43)C(=O)c3c(OC)cccc3C5=O)O[C@@H](C)[C@H]2O)C[C@H]1OC,rand_8
molecule_17,O=C1c2c(c(OC)ccc2)C(=O)c2c(O)c3c(c(O)c21)C[C@@](O)(C(CO)=O)C[C@@H]3O[C@H]1C[C@H](N2C[C@@H](OC)OCC2)[C@H](O)[C@H](C)O1,rand_9
molecule_17,COc1c2c(ccc1)C(=O)c1c(O)c3c(c(O)c1C2=O)[C@@H](O[C@@H]1O[C@@H](C)[C@@H](O)[C@@H](N2CCO[C@H](OC)C2)C1)C[C@@](C(CO)=O)(O)C3,rand_10
molecule_18,n1(Cc2ccc(CN)cc2)c(CCCC)nc2c(N)nc3c(cccc3)c12,rand_1
molecule_18,c1c(CN)ccc(Cn2c3c(nc2CCCC)c(N)nc2ccccc32)c1,rand_2
molecule_18,C(n1c2c3ccccc3nc(N)c2nc1CCCC)c1ccc(CN)cc1,rand_3
molecule_18,NCc1ccc(Cn2c3c(c(N)nc4ccccc34)nc2CCCC)cc1,rand_4
molecule_18,C(N)c1ccc(Cn2c(CCCC)nc3c(N)nc4ccccc4c23)cc1,rand_5
molecule_18,c12nc(CCCC)n(Cc3ccc(CN)cc3)c1c1ccccc1nc2N,rand_6
molecule_18,C(CC)Cc1nc2c(n1Cc1ccc(CN)cc1)c1c(nc2N)cccc1,rand_7
molecule_18,c1(CN)ccc(Cn2c(CCCC)nc3c(N)nc4c(cccc4)c32)cc1,rand_8
molecule_18,n1c(CCCC)n(Cc2ccc(CN)cc2)c2c3c(nc(N)c12)cccc3,rand_9
molecule_18,c1(N)c2nc(CCCC)n(Cc3ccc(CN)cc3)c2c2ccccc2n1,rand_10
molecule_19,c12ncn(C3OC4C(CCN)C3OP(O)(=O)OCC3OC(n5cnc6c(N)ncnc56)C(O)C3O[PH](=O)(=O)OC4)c1nc(N)[nH]c2=O,rand_1
molecule_19,n1c2c(=O)[nH]c(N)nc2n(C2C3C(CCN)C(CO[PH](=O)(=O)OC4C(COP(=O)(O)O3)OC(n3c5ncnc(N)c5nc3)C4O)O2)c1,rand_2
molecule_19,n1(C2C(O)C3C(COP(=O)(O)OC4C(n5c6nc(N)[nH]c(=O)c6nc5)OC(CO[PH](=O)(=O)O3)C4CCN)O2)c2c(nc1)c(N)ncn2,rand_3
molecule_19,O1C2C(CCN)C(C1n1cnc3c(=O)[nH]c(N)nc31)OP(=O)(O)OCC1C(C(O)C(n3c4c(nc3)c(N)ncn4)O1)O[PH](=O)(=O)OC2,rand_4
molecule_19,c1(N)nc2n(C3C4C(CCN)C(CO[PH](=O)(=O)OC5C(O)C(n6c7ncnc(N)c7nc6)OC5COP(O)(=O)O4)O3)cnc2c(=O)[nH]1,rand_5
molecule_19,OC1C(n2cnc3c(N)ncnc32)OC2COP(O)(=O)OC3C(CCN)C(OC3n3cnc4c3nc(N)[nH]c4=O)CO[PH](=O)(=O)OC12,rand_6
molecule_19,C1C2OC(n3cnc4c3ncnc4N)C(O)C2O[PH](=O)(=O)OCC2OC(n3cnc4c3nc(N)[nH]c4=O)C(OP(O)(=O)O1)C2CCN,rand_7
molecule_19,c12ncnc(N)c1ncn2C1C(O)C2C(O1)COP(O)(=O)OC1C(n3cnc4c(=O)[nH]c(N)nc43)OC(CO[PH](=O)(=O)O2)C1CCN,rand_8
molecule_19,C1(n2c3nc(N)[nH]c(=O)c3nc2)OC2CO[PH](=O)(=O)OC3C(COP(O)(=O)OC1C2CCN)OC(n1c2c(nc1)c(N)ncn2)C3O,rand_9
molecule_19,n1(C2C(O)C3O[PH](=O)(=O)OCC4C(CCN)C(C(n5c6nc(N)[nH]c(=O)c6nc5)O4)OP(O)(=O)OCC3O2)c2c(c(N)ncn2)nc1,rand_10
molecule_20,C1(=O)N2C=C(c3ccc(N)cc3)CC2C=Nc2cc(OCCCOc3cc4c(cc3OC)C(=O)N3C(C=N4)CC(c4ccc(OC)cc4)=C3)c(OC)cc21,rand_1
molecule_20,N12C(=O)c3c(cc(OCCCOc4c(OC)cc5c(c4)N=CC4CC(c6ccc(OC)cc6)=CN4C5=O)c(OC)c3)N=CC1CC(c1ccc(N)cc1)=C2,rand_2
molecule_20,c1c(OC)c(OCCCOc2c(OC)cc3c(c2)N=CC2N(C=C(c4ccc(N)cc4)C2)C3=O)cc2c1C(=O)N1C=C(c3ccc(OC)cc3)CC1C=N2,rand_3
molecule_20,c1cc(OC)ccc1C1=CN2C(C1)C=Nc1c(cc(OC)c(OCCCOc3c(OC)cc4c(c3)N=CC3CC(c5ccc(N)cc5)=CN3C4=O)c1)C2=O,rand_4
molecule_20,O(CCCOc1cc2c(cc1OC)C(=O)N1C=C(c3ccc(N)cc3)CC1C=N2)c1cc2c(cc1OC)C(=O)N1C(CC(c3ccc(OC)cc3)=C1)C=N2,rand_5
molecule_20,c1cc(C2=CN3C(C2)C=Nc2cc(OCCCOc4cc5c(cc4OC)C(=O)N4C(C=N5)CC(c5ccc(N)cc5)=C4)c(OC)cc2C3=O)ccc1OC,rand_6
molecule_20,c1(OCCCOc2c(OC)cc3c(c2)N=CC2CC(c4ccc(OC)cc4)=CN2C3=O)c(OC)cc2c(c1)N=CC1N(C2=O)C=C(c2ccc(N)cc2)C1,rand_7
molecule_20,c1cc(N)ccc1C1=CN2C(=O)c3c(cc(OCCCOc4cc5c(cc4OC)C(=O)N4C(CC(c6ccc(OC)cc6)=C4)C=N5)c(OC)c3)N=CC2C1,rand_8
molecule_20,C1=C(c2ccc(OC)cc2)CC2C=Nc3c(cc(OC)c(OCCCOc4cc5c(cc4OC)C(=O)N4C(CC(c6ccc(N)cc6)=C4)C=N5)c3)C(=O)N12,rand_9
molecule_20,C(Oc1cc2c(cc1OC)C(=O)N1C(CC(c3ccc(N)cc3)=C1)C=N2)CCOc1c(OC)cc2c(c1)N=CC1CC(c3ccc(OC)cc3)=CN1C2=O,rand_10
molecule_21,[C@H]1(O)[C@@H](N)C[C@H](O[C@@H]2c3c(O)c4c(c(O)c3C[C@@](O)(C(CO)=O)C2)C(=O)c2cccc(OC)c2C4=O)O[C@H]1C,rand_1
molecule_21,C1(=O)c2c(O)c3c(c(O)c2C(=O)c2c(OC)cccc21)[C@@H](O[C@H]1C[C@H](N)[C@H](O)[C@H](C)O1)C[C@](O)(C(=O)CO)C3,rand_2
molecule_21,O=C(CO)[C@@]1(O)C[C@H](O[C@H]2C[C@H](N)[C@H](O)[C@H](C)O2)c2c(O)c3c(c(O)c2C1)C(=O)c1c(c(OC)ccc1)C3=O,rand_3
molecule_21,C1[C@H](N)[C@H](O)[C@H](C)O[C@H]1O[C@@H]1c2c(c(O)c3c(c2O)C(=O)c2c(OC)cccc2C3=O)C[C@](C(=O)CO)(O)C1,rand_4
molecule_21,N[C@H]1C[C@H](O[C@@H]2c3c(c(O)c4c(c3O)C(=O)c3c(OC)cccc3C4=O)C[C@](C(CO)=O)(O)C2)O[C@@H](C)[C@H]1O,rand_5
molecule_21,Oc1c2c(c(O)c3c1C(=O)c1c(c(OC)ccc1)C3=O)[C@@H](O[C@@H]1O[C@@H](C)[C@@H](O)[C@@H](N)C1)C[C@](O)(C(=O)CO)C2,rand_6
molecule_21,c12c(c(OC)ccc1)C(=O)c1c(c(O)c3c(c1O)[C@@H](O[C@@H]1O[C@@H](C)[C@@H](O)[C@@H](N)C1)C[C@](O)(C(=O)CO)C3)C2=O,rand_7
molecule_21,C1(=O)c2c(OC)cccc2C(=O)c2c1c(O)c1c(c2O)C[C@@](O)(C(CO)=O)C[C@@H]1O[C@H]1C[C@H](N)[C@H](O)[C@H](C)O1,rand_8
molecule_21,C1(=O)c2c(O)c3c(c(O)c2C(=O)c2c1cccc2OC)[C@@H](O[C@H]1C[C@H](N)[C@H](O)[C@H](C)O1)C[C@@](C(CO)=O)(O)C3,rand_9
molecule_21,O=C(CO)[C@]1(O)Cc2c(c(O)c3c(c2O)C(=O)c2c(c(OC)ccc2)C3=O)[C@@H](O[C@@H]2O[C@@H](C)[C@@H](O)[C@@H](N)C2)C1,rand_10
molecule_22,C1=CC2(C)C(=CC1=O)C(F)CC1C2(F)C(O)CC2C3(C(=O)CO)OC(c4ccc(Sc5ccc(N)cc5)cc4)OC3CC12,rand_1
molecule_22,c1c(N)ccc(Sc2ccc(C3OC4(C(CO)=O)C(CC5C4CC(O)C4(F)C6(C)C=CC(=O)C=C6C(F)CC54)O3)cc2)c1,rand_2
molecule_22,c1c(C2OC3(C(=O)CO)C(O2)CC2C4C(F)(C(O)CC23)C2(C)C=CC(=O)C=C2C(F)C4)ccc(Sc2ccc(N)cc2)c1,rand_3
molecule_22,O1C(c2ccc(Sc3ccc(N)cc3)cc2)OC2CC3C4C(F)(C(O)CC3C12C(CO)=O)C1(C)C(=CC(=O)C=C1)C(F)C4,rand_4
molecule_22,c1c(Sc2ccc(C3OC4(C(=O)CO)C5C(C6C(F)(C7(C)C=CC(=O)C=C7C(F)C6)C(O)C5)CC4O3)cc2)ccc(N)c1,rand_5
molecule_22,C12(F)C(O)CC3C4(C(=O)CO)OC(c5ccc(Sc6ccc(N)cc6)cc5)OC4CC3C1CC(F)C1=CC(=O)C=CC21C,rand_6
molecule_22,c1(Sc2ccc(N)cc2)ccc(C2OC3CC4C(C3(C(CO)=O)O2)CC(O)C2(F)C3(C)C=CC(=O)C=C3C(F)CC42)cc1,rand_7
molecule_22,C1C(O)C2(F)C(C3C1C1(C(CO)=O)C(OC(c4ccc(Sc5ccc(N)cc5)cc4)O1)C3)CC(F)C1=CC(=O)C=CC21C,rand_8
molecule_22,Nc1ccc(Sc2ccc(C3OC4CC5C6CC(F)C7=CC(=O)C=CC7(C)C6(F)C(O)CC5C4(C(=O)CO)O3)cc2)cc1,rand_9
molecule_22,O1C2(C(CO)=O)C(CC3C2CC(O)C2(F)C4(C)C(=CC(=O)C=C4)C(F)CC32)OC1c1ccc(Sc2ccc(N)cc2)cc1,rand_10
molecule_23,C1=CC2(C)C(=CC1=O)CCC1C2(F)C(O)CC2C3(C(=O)CO)OC(c4ccc(Cc5cccc(N)c5)cc4)OC3CC12,rand_1
molecule_23,c1c(N)cccc1Cc1ccc(C2OC3CC4C5CCC6=CC(=O)C=CC6(C)C5(F)C(O)CC4C3(C(=O)CO)O2)cc1,rand_2
molecule_23,O1C2(C(CO)=O)C(OC1c1ccc(Cc3cc(N)ccc3)cc1)CC1C2CC(O)C2(F)C3(C)C=CC(=O)C=C3CCC21,rand_3
molecule_23,C12(C(CO)=O)C(CC3C4C(F)(C(O)CC13)C1(C)C(=CC(=O)C=C1)CC4)OC(c1ccc(Cc3cc(N)ccc3)cc1)O2,rand_4
molecule_23,c1cc(C2OC3(C(CO)=O)C4CC(O)C5(F)C(C4CC3O2)CCC2=CC(=O)C=CC52C)ccc1Cc1cccc(N)c1,rand_5
molecule_23,C1=C2CCC3C(F)(C(O)CC4C5(C(=O)CO)OC(c6ccc(Cc7cccc(N)c7)cc6)OC5CC43)C2(C)C=CC1=O,rand_6
molecule_23,c1cc(C2OC3(C(CO)=O)C4C(CC3O2)C2CCC3=CC(=O)C=CC3(C)C2(F)C(O)C4)ccc1Cc1cccc(N)c1,rand_7
molecule_23,C1C(O)C2(F)C3(C)C(=CC(=O)C=C3)CCC2C2CC3C(C(CO)=O)(OC(c4ccc(Cc5cccc(N)c5)cc4)O3)C12,rand_8
molecule_23,Nc1cccc(Cc2ccc(C3OC4CC5C(CC(O)C6(F)C5CCC5=CC(=O)C=CC56C)C4(C(CO)=O)O3)cc2)c1,rand_9
molecule_23,O1C2(C(CO)=O)C(CC3C4C(F)(C5(C)C(=CC(=O)C=C5)CC4)C(O)CC23)OC1c1ccc(Cc2cc(N)ccc2)cc1,rand_10
molecule_24,C(O)C(=O)[C@]1(O)Cc2c(c(O)c3c(c2O)C(=O)c2cccc(OC)c2C3=O)[C@@H](O[C@H]2C[C@H]3[C@@H]([C@H](C)O2)O[C@@H]2[C@@H](OC)OCCN23)C1,rand_1
molecule_24,C1(=O)c2c(OC)cccc2C(=O)c2c(O)c3c(c(O)c21)[C@@H](O[C@H]1C[C@H]2[C@H](O[C@@H]4[C@@H](OC)OCCN42)[C@H](C)O1)C[C@](O)(C(=O)CO)C3,rand_2
molecule_24,O1[C@@H]2[C@H](C)O[C@@H](O[C@H]3C[C@](O)(C(=O)CO)Cc4c3c(O)c3c(c4O)C(=O)c4cccc(OC)c4C3=O)C[C@@H]2N2CCO[C@H](OC)[C@@H]12,rand_3
molecule_24,C([C@]1(O)Cc2c(c(O)c3c(c2O)C(=O)c2c(c(OC)ccc2)C3=O)[C@@H](O[C@H]2C[C@@H]3N4CCO[C@H](OC)[C@H]4O[C@@H]3[C@H](C)O2)C1)(=O)CO,rand_4
molecule_24,c1c2c(c(OC)cc1)C(=O)c1c(c(O)c3c(c1O)[C@@H](O[C@@H]1O[C@@H](C)[C@@H]4[C@H](C1)N1[C@@H]([C@@H](OC)OCC1)O4)C[C@@](C(=O)CO)(O)C3)C2=O,rand_5
molecule_24,CO[C@H]1OCCN2[C@@H]3[C@H](O[C@@H]21)[C@H](C)O[C@@H](O[C@@H]1c2c(O)c4c(c(O)c2C[C@@](O)(C(CO)=O)C1)C(=O)c1cccc(OC)c1C4=O)C3,rand_6
molecule_24,c12c(c(O)c3c(c1O)C(=O)c1c(cccc1OC)C3=O)C[C@](C(CO)=O)(O)C[C@@H]2O[C@@H]1O[C@@H](C)[C@H]2O[C@H]3N(CCO[C@@H]3OC)[C@H]2C1,rand_7
molecule_24,O1CCN2[C@H](O[C@@H]3[C@H](C)O[C@@H](O[C@H]4C[C@@](C(=O)CO)(O)Cc5c(O)c6c(c(O)c54)C(=O)c4c(OC)cccc4C6=O)C[C@H]23)[C@H]1OC,rand_8
molecule_24,O=C1c2c(c(OC)ccc2)C(=O)c2c(O)c3c(c(O)c21)C[C@@](O)(C(CO)=O)C[C@@H]3O[C@H]1C[C@H]2[C@H](O[C@@H]3[C@@H](OC)OCCN23)[C@H](C)O1,rand_9
molecule_24,COc1c2c(ccc1)C(=O)c1c(O)c3c(c(O)c1C2=O)[C@@H](O[C@@H]1O[C@@H](C)[C@@H]2[C@H](C1)N1CCO[C@H](OC)[C@H]1O2)C[C@@](C(CO)=O)(O)C3,rand_10
molecule_25,[C@@H]1(OC)[C@@H](O)[C@H](C)O[C@@H](Oc2c(OC)c(OC)c(C(=O)S[C@H]3[C@@H](O)C[C@H](ON[C@@H]4[C@@H](C)O[C@@H](O[C@H]5C#C/C=C\C#C[C@]6(O)CC(=O)C(NC(OC)=O)=C5C6=CCSSSC)[C@H](O[C@@H]5OC[C@H](N(C(C)=O)CC)[C@@H](OC)C5)[C@H]4O)O[C@@H]3C)c(C)c2I)[C@@H]1O,rand_1
molecule_25,O(C)c1c(O[C@H]2[C@H](O)[C@H](OC)[C@@H](O)[C@H](C)O2)c(I)c(C)c(C(=O)S[C@H]2[C@@H](O)C[C@H](ON[C@@H]3[C@@H](C)O[C@@H](O[C@H]4C#C/C=C\C#C[C@]5(O)CC(=O)C(NC(OC)=O)=C4C5=CCSSSC)[C@H](O[C@H]4C[C@H](OC)[C@@H](N(CC)C(=O)C)CO4)[C@H]3O)O[C@@H]2C)c1OC,rand_2
molecule_25,C1#C[C@@]2(O)C(=CCSSSC)C(=C(NC(OC)=O)C(=O)C2)[C@@H](O[C@H]2[C@H](O[C@@H]3OC[C@H](N(CC)C(C)=O)[C@@H](OC)C3)[C@@H](O)[C@H](NO[C@H]3C[C@H](O)[C@H](SC(c4c(OC)c(OC)c(O[C@@H]5O[C@@H](C)[C@H](O)[C@@H](OC)[C@H]5O)c(I)c4C)=O)[C@@H](C)O3)[C@@H](C)O2)C#C/C=C\1,rand_3
molecule_25,C1(=CCSSSC)C2=C(NC(OC)=O)C(=O)C[C@@]1(O)C#C/C=C\C#C[C@@H]2O[C@@H]1O[C@H](C)[C@@H](NO[C@H]2C[C@H](O)[C@H](SC(=O)c3c(C)c(I)c(O[C@H]4[C@H](O)[C@H](OC)[C@@H](O)[C@H](C)O4)c(OC)c3OC)[C@@H](C)O2)[C@H](O)[C@H]1O[C@H]1C[C@H](OC)[C@@H](N(C(=O)C)CC)CO1,rand_4
molecule_25,O(C)[C@@H]1[C@@H](O)[C@H](C)O[C@@H](Oc2c(I)c(C)c(C(S[C@@H]3[C@@H](C)O[C@@H](ON[C@@H]4[C@@H](C)O[C@@H](O[C@@H]5C6=C(NC(=O)OC)C(=O)C[C@@](O)(C#C/C=C\C#C5)C6=CCSSSC)[C@H](O[C@H]5C[C@H](OC)[C@@H](N(C(C)=O)CC)CO5)[C@H]4O)C[C@@H]3O)=O)c(OC)c2OC)[C@@H]1O,rand_5
molecule_25,CCN(C(C)=O)[C@H]1CO[C@@H](O[C@H]2[C@H](O[C@H]3C#C/C=C\C#C[C@@]4(O)C(=CCSSSC)C3=C(NC(=O)OC)C(=O)C4)O[C@H](C)[C@@H](NO[C@H]3C[C@H](O)[C@H](SC(=O)c4c(OC)c(OC)c(O[C@H]5[C@H](O)[C@H](OC)[C@@H](O)[C@H](C)O5)c(I)c4C)[C@@H](C)O3)[C@@H]2O)C[C@@H]1OC,rand_6
molecule_25,O[C@@H]1[C@@H](O[C@H]2C[C@H](OC)[C@@H](N(CC)C(C)=O)CO2)[C@H](O[C@@H]2C3=C(NC(OC)=O)C(=O)C[C@](O)(C3=CCSSSC)C#C/C=C\C#C2)O[C@H](C)[C@H]1NO[C@@H]1O[C@H](C)[C@@H](SC(=O)c2c(C)c(I)c(O[C@H]3[C@H](O)[C@H](OC)[C@@H](O)[C@H](C)O3)c(OC)c2OC)[C@@H](O)C1,rand_7
molecule_25,O[C@]12C(=CCSSSC)C(=C(NC(OC)=O)C(=O)C1)[C@@H](O[C@H]1[C@H](O[C@H]3C[C@H](OC)[C@@H](N(CC)C(C)=O)CO3)[C@@H](O)[C@H](NO[C@@H]3O[C@H](C)[C@@H](SC(=O)c4c(OC)c(OC)c(O[C@@H]5O[C@@H](C)[C@H](O)[C@@H](OC)[C@H]5O)c(I)c4C)[C@@H](O)C3)[C@@H](C)O1)C#C/C=C\C#C2,rand_8
molecule_25,c1(I)c(C)c(C(=O)S[C@@H]2[C@@H](C)O[C@@H](ON[C@H]3[C@H](O)[C@@H](O[C@H]4C[C@H](OC)[C@@H](N(C(=O)C)CC)CO4)[C@H](O[C@H]4C#C/C=C\C#C[C@]5(O)CC(=O)C(NC(=O)OC)=C4C5=CCSSSC)O[C@@H]3C)C[C@@H]2O)c(OC)c(OC)c1O[C@H]1[C@H](O)[C@H](OC)[C@@H](O)[C@H](C)O1,rand_9
molecule_25,N(C1=C2C(=CCSSSC)[C@](O)(C#C/C=C\C#C[C@@H]2O[C@@H]2O[C@H](C)[C@@H](NO[C@H]3C[C@H](O)[C@H](SC(=O)c4c(OC)c(OC)c(O[C@H]5[C@H](O)[C@H](OC)[C@@H](O)[C@H](C)O5)c(I)c4C)[C@@H](C)O3)[C@H](O)[C@H]2O[C@H]2C[C@H](OC)[C@@H](N(C(C)=O)CC)CO2)CC1=O)C(=O)OC,rand_10
molecule_26,C1=CC2(C)C(=CC1=O)C(F)CC1C2(F)C(O)CC2C3(C(=O)CO)OC(c4ccc(Oc5ccc(N)cc5)cc4)OC3CC12,rand_1
molecule_26,c1c(N)ccc(Oc2ccc(C3OC4(C(CO)=O)C(CC5C4CC(O)C4(F)C6(C)C=CC(=O)C=C6C(F)CC54)O3)cc2)c1,rand_2
molecule_26,c1c(C2OC3(C(=O)CO)C(O2)CC2C4C(F)(C(O)CC23)C2(C)C=CC(=O)C=C2C(F)C4)ccc(Oc2ccc(N)cc2)c1,rand_3
molecule_26,O1C(c2ccc(Oc3ccc(N)cc3)cc2)OC2CC3C4C(F)(C(O)CC3C12C(CO)=O)C1(C)C(=CC(=O)C=C1)C(F)C4,rand_4
molecule_26,c1c(Oc2ccc(C3OC4(C(=O)CO)C5C(C6C(F)(C7(C)C=CC(=O)C=C7C(F)C6)C(O)C5)CC4O3)cc2)ccc(N)c1,rand_5
molecule_26,C12(F)C(O)CC3C4(C(=O)CO)OC(c5ccc(Oc6ccc(N)cc6)cc5)OC4CC3C1CC(F)C1=CC(=O)C=CC21C,rand_6
molecule_26,c1(Oc2ccc(N)cc2)ccc(C2OC3CC4C(C3(C(CO)=O)O2)CC(O)C2(F)C3(C)C=CC(=O)C=C3C(F)CC42)cc1,rand_7
molecule_26,C1C(O)C2(F)C(C3C1C1(C(CO)=O)C(OC(c4ccc(Oc5ccc(N)cc5)cc4)O1)C3)CC(F)C1=CC(=O)C=CC21C,rand_8
molecule_26,Nc1ccc(Oc2ccc(C3OC4CC5C6CC(F)C7=CC(=O)C=CC7(C)C6(F)C(O)CC5C4(C(=O)CO)O3)cc2)cc1,rand_9
molecule_26,O1C2(C(CO)=O)C(CC3C2CC(O)C2(F)C4(C)C(=CC(=O)C=C4)C(F)CC32)OC1c1ccc(Oc2ccc(N)cc2)cc1,rand_10
molecule_27,C1=CC2(C)C3C(O)CC4C5(C(CO)=O)OC(c6ccc(Cc7cccc(N)c7)cc6)OC5CC4C3CCC2=CC1=O,rand_1
molecule_27,c1c(N)cccc1Cc1ccc(C2OC3CC4C(CC(O)C5C6(C)C=CC(=O)C=C6CCC45)C3(C(=O)CO)O2)cc1,rand_2
molecule_27,O1C(c2ccc(Cc3cc(N)ccc3)cc2)OC2C1(C(=O)CO)C1C(C2)C2CCC3=CC(=O)C=CC3(C)C2C(O)C1,rand_3
molecule_27,OCC(=O)C12C(CC3C4C(C(O)CC31)C1(C)C(=CC(=O)C=C1)CC4)OC(c1ccc(Cc3cc(N)ccc3)cc1)O2,rand_4
molecule_27,C(c1ccc(C2OC3(C(CO)=O)C4C(C5C(C6(C)C=CC(=O)C=C6CC5)C(O)C4)CC3O2)cc1)c1cccc(N)c1,rand_5
molecule_27,C1=C2CCC3C(C(O)CC4C5(C(=O)CO)OC(c6ccc(Cc7cccc(N)c7)cc6)OC5CC43)C2(C)C=CC1=O,rand_6
molecule_27,C1C2C3CC4C(C(=O)CO)(OC(c5ccc(Cc6cccc(N)c6)cc5)O4)C3CC(O)C2C2(C)C=CC(=O)C=C2C1,rand_7
molecule_27,C12C3(C(CO)=O)OC(c4ccc(Cc5cccc(N)c5)cc4)OC3CC1C1C(C3(C)C(=CC(=O)C=C3)CC1)C(O)C2,rand_8
molecule_27,C(c1ccc(C2OC3(C(CO)=O)C(CC4C5CCC6=CC(=O)C=CC6(C)C5C(O)CC43)O2)cc1)c1cc(N)ccc1,rand_9
molecule_27,O1C2(C(=O)CO)C(CC3C4C(C5(C)C=CC(=O)C=C5CC4)C(O)CC23)OC1c1ccc(Cc2cc(N)ccc2)cc1,rand_10
molecule_28,C1=CC2(C)C(=CC1=O)C(F)CC1C2(F)C(O)CC2C3(C(=O)CO)OC(c4ccc(Cc5cccc(N)c5)cc4)OC3CC12,rand_1
molecule_28,Nc1cccc(Cc2ccc(C3OC4(C(CO)=O)C(CC5C4CC(O)C4(F)C6(C)C=CC(=O)C=C6C(F)CC54)O3)cc2)c1,rand_2
molecule_28,c1c(C2OC3(C(=O)CO)C(O2)CC2C4C(F)(C(O)CC23)C2(C)C=CC(=O)C=C2C(F)C4)ccc(Cc2cc(N)ccc2)c1,rand_3
molecule_28,O1C(c2ccc(Cc3cc(N)ccc3)cc2)OC2CC3C4C(F)(C(O)CC3C12C(CO)=O)C1(C)C(=CC(=O)C=C1)C(F)C4,rand_4
molecule_28,c1c(Cc2ccc(C3OC4(C(=O)CO)C5C(C6C(F)(C7(C)C=CC(=O)C=C7C(F)C6)C(O)C5)CC4O3)cc2)cccc1N,rand_5
molecule_28,C12(F)C(O)CC3C4(C(=O)CO)OC(c5ccc(Cc6cc(N)ccc6)cc5)OC4CC3C1CC(F)C1=CC(=O)C=CC21C,rand_6
molecule_28,c1(Cc2cc(N)ccc2)ccc(C2OC3CC4C(C3(C(CO)=O)O2)CC(O)C2(F)C3(C)C=CC(=O)C=C3C(F)CC42)cc1,rand_7
molecule_28,C1C(O)C2(F)C(C3C1C1(C(CO)=O)C(OC(c4ccc(Cc5cc(N)ccc5)cc4)O1)C3)CC(F)C1=CC(=O)C=CC21C,rand_8
molecule_28,c1(N)cccc(Cc2ccc(C3OC4CC5C6CC(F)C7=CC(=O)C=CC7(C)C6(F)C(O)CC5C4(C(=O)CO)O3)cc2)c1,rand_9
molecule_28,O1C2(C(CO)=O)C(CC3C2CC(O)C2(F)C4(C)C(=CC(=O)C=C4)C(F)CC32)OC1c1ccc(Cc2cccc(N)c2)cc1,rand_10
molecule_29,c1cc(N)c2nc(C(=O)O)cc(OCP(=O)(O)O)c2c1,rand_1
molecule_29,OP(=O)(O)COc1c2cccc(N)c2nc(C(O)=O)c1,rand_2
molecule_29,c1(C(O)=O)nc2c(N)cccc2c(OCP(O)(O)=O)c1,rand_3
molecule_29,c12nc(C(O)=O)cc(OCP(O)(O)=O)c1cccc2N,rand_4
molecule_29,c1c(N)c2c(cc1)c(OCP(O)(O)=O)cc(C(O)=O)n2,rand_5
molecule_29,OC(c1nc2c(c(OCP(O)(O)=O)c1)cccc2N)=O,rand_6
molecule_29,c1(N)cccc2c(OCP(O)(=O)O)cc(C(O)=O)nc12,rand_7
molecule_29,O(c1cc(C(=O)O)nc2c(N)cccc12)CP(O)(O)=O,rand_8
molecule_29,c1cc(N)c2c(c(OCP(=O)(O)O)cc(C(=O)O)n2)c1,rand_9
molecule_29,O(c1c2c(nc(C(O)=O)c1)c(N)ccc2)CP(=O)(O)O,rand_10
molecule_30,c1c(C(C)c2cc(N)ccc2)ccc(C2OC3(C(CO)=O)C4C(C5CC(F)C6=CC(=O)C=CC6(C)C5(F)C(O)C4)CC3O2)c1,rand_1
molecule_30,C12(C(CO)=O)OC(c3ccc(C(C)c4cc(N)ccc4)cc3)OC1CC1C3CC(F)C4=CC(=O)C=CC4(C)C3(F)C(O)CC21,rand_2
molecule_30,O=C(C12C3CC(O)C4(F)C5(C)C=CC(=O)C=C5C(F)CC4C3CC1OC(c1ccc(C(c3cc(N)ccc3)C)cc1)O2)CO,rand_3
molecule_30,O=C(CO)C12C3CC(O)C4(F)C5(C)C=CC(=O)C=C5C(F)CC4C3CC1OC(c1ccc(C(c3cc(N)ccc3)C)cc1)O2,rand_4
molecule_30,C12(C(=O)CO)C3C(C4CC(F)C5=CC(=O)C=CC5(C)C4(F)C(O)C3)CC1OC(c1ccc(C(c3cc(N)ccc3)C)cc1)O2,rand_5
molecule_30,C(=O)(CO)C12OC(c3ccc(C(C)c4cc(N)ccc4)cc3)OC1CC1C3CC(F)C4=CC(=O)C=CC4(C)C3(F)C(O)CC21,rand_6
molecule_30,FC1CC2C3CC4C(C(CO)=O)(OC(c5ccc(C(c6cccc(N)c6)C)cc5)O4)C3CC(O)C2(F)C2(C)C1=CC(=O)C=C2,rand_7
molecule_30,c1ccc(N)cc1C(C)c1ccc(C2OC3C(C(CO)=O)(C4CC(O)C5(F)C(CC(F)C6=CC(=O)C=CC56C)C4C3)O2)cc1,rand_8
molecule_30,c1cc(N)cc(C(c2ccc(C3OC4CC5C6C(F)(C(O)CC5C4(C(=O)CO)O3)C3(C)C=CC(=O)C=C3C(F)C6)cc2)C)c1,rand_9
molecule_30,C1=CC(=O)C=C2C1(C)C1(F)C(O)CC3C(C1CC2F)CC1OC(c2ccc(C(c4cccc(N)c4)C)cc2)OC31C(CO)=O,rand_10
molecule_31,NCc1c2c(cc3c(c2)OCO3)nc2c1Cn1c(=O)c3c(cc1-2)C(O)(CC)C(=O)OC3,rand_1
molecule_31,c12c(nc3c(cc4c(c3)OCO4)c1CN)-c1n(c(=O)c3c(c1)C(CC)(O)C(=O)OC3)C2,rand_2
molecule_31,c12c(nc3cc4c(cc3c1CN)OCO4)-c1n(c(=O)c3c(c1)C(CC)(O)C(=O)OC3)C2,rand_3
molecule_31,c12c(nc3cc4c(cc3c1CN)OCO4)-c1cc3c(c(=O)n1C2)COC(=O)C3(O)CC,rand_4
molecule_31,c12nc3c(cc4c(c3)OCO4)c(CN)c1Cn1c(=O)c3c(cc1-2)C(CC)(O)C(=O)OC3,rand_5
molecule_31,CCC1(O)C(=O)OCc2c(=O)n3c(cc21)-c1nc2c(cc4c(c2)OCO4)c(CN)c1C3,rand_6
molecule_31,C1(CC)(O)c2cc3n(c(=O)c2COC1=O)Cc1c-3nc2cc3c(cc2c1CN)OCO3,rand_7
molecule_31,C(N)c1c2cc3c(cc2nc2c1Cn1c-2cc2c(c1=O)COC(=O)C2(CC)O)OCO3,rand_8
molecule_31,c12cc3n(c(=O)c1COC(=O)C2(O)CC)Cc1c-3nc2cc3c(cc2c1CN)OCO3,rand_9
molecule_31,c1c2c(cc3c1nc1c(c3CN)Cn3c(=O)c4c(cc3-1)C(O)(CC)C(=O)OC4)OCO2,rand_10
molecule_32,N(C(C(C(C1N(C(CC(OC)C(C(C)CC)N(C)C(=O)C(NC(=O)C(C(C)C)N(CCc2ccc(NC)cc2)C)C(C)C)=O)CCC1)OC)C)=O)C(C(=O)O)Cc1ccccc1,rand_1
molecule_32,CN(C(C(CC)C)C(CC(N1CCCC1C(C(C(=O)NC(Cc1ccccc1)C(O)=O)C)OC)=O)OC)C(=O)C(C(C)C)NC(=O)C(N(C)CCc1ccc(NC)cc1)C(C)C,rand_2
molecule_32,CN(CCc1ccc(NC)cc1)C(C(C)C)C(NC(C(N(C(C(CC(N1C(C(OC)C(C)C(=O)NC(Cc2ccccc2)C(=O)O)CCC1)=O)OC)C(CC)C)C)=O)C(C)C)=O,rand_3
molecule_32,C(N(C(=O)C(C(C)C)NC(C(N(C)CCc1ccc(NC)cc1)C(C)C)=O)C)(C(C)CC)C(CC(N1C(C(C(C)C(=O)NC(C(=O)O)Cc2ccccc2)OC)CCC1)=O)OC,rand_4
molecule_32,O=C(NC(C(=O)N(C(C(C)CC)C(OC)CC(=O)N1CCCC1C(C(C(NC(Cc1ccccc1)C(O)=O)=O)C)OC)C)C(C)C)C(C(C)C)N(CCc1ccc(NC)cc1)C,rand_5
molecule_32,OC(C(Cc1ccccc1)NC(C(C(C1CCCN1C(CC(C(C(C)CC)N(C(C(NC(C(C(C)C)N(CCc1ccc(NC)cc1)C)=O)C(C)C)=O)C)OC)=O)OC)C)=O)=O,rand_6
molecule_32,O(C)C(C1CCCN1C(CC(OC)C(C(CC)C)N(C)C(=O)C(NC(C(C(C)C)N(CCc1ccc(NC)cc1)C)=O)C(C)C)=O)C(C)C(NC(C(=O)O)Cc1ccccc1)=O,rand_7
molecule_32,C(C)C(C(N(C(C(C(C)C)NC(C(N(C)CCc1ccc(NC)cc1)C(C)C)=O)=O)C)C(OC)CC(N1C(C(C(C)C(NC(C(=O)O)Cc2ccccc2)=O)OC)CCC1)=O)C,rand_8
molecule_32,COC(CC(=O)N1C(C(C(C(=O)NC(Cc2ccccc2)C(=O)O)C)OC)CCC1)C(C(C)CC)N(C)C(C(C(C)C)NC(C(C(C)C)N(C)CCc1ccc(NC)cc1)=O)=O,rand_9
molecule_32,O=C(C(C)C(C1CCCN1C(CC(C(C(C)CC)N(C(C(C(C)C)NC(C(C(C)C)N(C)CCc1ccc(NC)cc1)=O)=O)C)OC)=O)OC)NC(Cc1ccccc1)C(=O)O,rand_10
molecule_33,C1CC(C(NC(C(Nc2ccccc2)=O)CCCCCSC(=O)C)=O)NC1=O,rand_1
molecule_33,C(C)(SCCCCCC(NC(=O)C1CCC(=O)N1)C(Nc1ccccc1)=O)=O,rand_2
molecule_33,c1ccccc1NC(C(NC(C1CCC(=O)N1)=O)CCCCCSC(=O)C)=O,rand_3
molecule_33,N(C(=O)C1NC(=O)CC1)C(C(=O)Nc1ccccc1)CCCCCSC(C)=O,rand_4
molecule_33,C(=O)(Nc1ccccc1)C(NC(=O)C1NC(=O)CC1)CCCCCSC(=O)C,rand_5
molecule_33,C(CCSC(C)=O)CCC(NC(=O)C1CCC(=O)N1)C(Nc1ccccc1)=O,rand_6
molecule_33,O=C(C)SCCCCCC(C(=O)Nc1ccccc1)NC(=O)C1CCC(=O)N1,rand_7
molecule_33,C1CC(=O)NC1C(=O)NC(C(Nc1ccccc1)=O)CCCCCSC(C)=O,rand_8
molecule_33,C(CSC(=O)C)CCCC(NC(C1NC(=O)CC1)=O)C(Nc1ccccc1)=O,rand_9
molecule_33,C(CCCSC(=O)C)CC(NC(=O)C1NC(=O)CC1)C(=O)Nc1ccccc1,rand_10
molecule_34,O=c1c2c(cc3n1Cc1c-3nc3c(cc4c(c3)OCO4)c1CNC(=O)CN)C(O)(CC)C(=O)OC2,rand_1
molecule_34,c1(=O)n2c(cc3c1COC(=O)C3(CC)O)-c1c(c(CNC(CN)=O)c3c(cc4c(c3)OCO4)n1)C2,rand_2
molecule_34,C1(=O)C(CC)(O)c2cc3n(c(=O)c2CO1)Cc1c-3nc2cc3c(cc2c1CNC(CN)=O)OCO3,rand_3
molecule_34,C1c2c(nc3cc4c(cc3c2CNC(=O)CN)OCO4)-c2cc3c(c(=O)n21)COC(=O)C3(O)CC,rand_4
molecule_34,NCC(=O)NCc1c2c(nc3c1Cn1c-3cc3c(c1=O)COC(=O)C3(O)CC)cc1c(c2)OCO1,rand_5
molecule_34,C1OC(=O)C(O)(CC)c2c1c(=O)n1c(c2)-c2nc3c(cc4c(c3)OCO4)c(CNC(=O)CN)c2C1,rand_6
molecule_34,C1(CC)(O)c2cc3n(c(=O)c2COC1=O)Cc1c-3nc2cc3c(cc2c1CNC(=O)CN)OCO3,rand_7
molecule_34,c12cc3c(CNC(=O)CN)c4c(nc3cc1OCO2)-c1n(c(=O)c2c(c1)C(CC)(O)C(=O)OC2)C4,rand_8
molecule_34,n1c2c(c(CNC(=O)CN)c3c1-c1n(c(=O)c4c(c1)C(O)(CC)C(=O)OC4)C3)cc1c(c2)OCO1,rand_9
molecule_34,c1c2c(nc3c(c2CNC(CN)=O)Cn2c(=O)c4c(cc2-3)C(O)(CC)C(=O)OC4)cc2c1OCO2,rand_10
molecule_35,C1=CC2(C)C(=CC1=O)CCC1C2(F)C(O)CC2C3(C(=O)CO)OC(c4ccc(SCc5cccc(N)c5)cc4)OC3CC12,rand_1
molecule_35,Nc1cccc(CSc2ccc(C3OC4CC5C6CCC7=CC(=O)C=CC7(C)C6(F)C(O)CC5C4(C(CO)=O)O3)cc2)c1,rand_2
molecule_35,c1c(C2OC3(C(=O)CO)C(O2)CC2C3CC(O)C3(F)C4(C)C=CC(=O)C=C4CCC23)ccc(SCc2cc(N)ccc2)c1,rand_3
molecule_35,O1C(c2ccc(SCc3cc(N)ccc3)cc2)OC2CC3C4C(F)(C(O)CC3C12C(CO)=O)C1(C)C(=CC(=O)C=C1)CC4,rand_4
molecule_35,c1c(CSc2ccc(C3OC4(C(=O)CO)C5C(C6C(F)(C7(C)C=CC(=O)C=C7CC6)C(O)C5)CC4O3)cc2)cccc1N,rand_5
molecule_35,C12(F)C(O)CC3C4(C(=O)CO)OC(c5ccc(SCc6cc(N)ccc6)cc5)OC4CC3C1CCC1=CC(=O)C=CC21C,rand_6
molecule_35,S(Cc1cc(N)ccc1)c1ccc(C2OC3(C(CO)=O)C(CC4C5CCC6=CC(=O)C=CC6(C)C5(F)C(O)CC34)O2)cc1,rand_7
molecule_35,C1C(O)C2(F)C3(C)C(=CC(=O)C=C3)CCC2C2CC3C(C(CO)=O)(C12)OC(c1ccc(SCc2cc(N)ccc2)cc1)O3,rand_8
molecule_35,c1(N)cccc(CSc2ccc(C3OC4CC5C(CC(O)C6(F)C5CCC5=CC(=O)C=CC56C)C4(C(=O)CO)O3)cc2)c1,rand_9
molecule_35,O1C2(C(CO)=O)C(CC3C2CC(O)C2(F)C4(C)C(=CC(=O)C=C4)CCC32)OC1c1ccc(SCc2cccc(N)c2)cc1,rand_10
molecule_36,C1(/C=C/C)=CN2C(=O)c3c(cc(OCCCOc4c(OC)cc5c(c4)N=CC4CC(/C=C/C)=CN4C5=O)c(OC)c3)N=CC2C1,rand_1
molecule_36,N1=CC2CC(/C=C/C)=CN2C(=O)c2cc(OC)c(OCCCOc3c(OC)cc4c(c3)N=CC3N(C=C(/C=C/C)C3)C4=O)cc21,rand_2
molecule_36,COc1cc2c(cc1OCCCOc1cc3c(cc1OC)C(=O)N1C(CC(/C=C/C)=C1)C=N3)N=CC1CC(/C=C/C)=CN1C2=O,rand_3
molecule_36,C(=C/C)\C1=CN2C(=O)c3c(cc(OCCCOc4c(OC)cc5c(c4)N=CC4CC(/C=C/C)=CN4C5=O)c(OC)c3)N=CC2C1,rand_4
molecule_36,C1=Nc2cc(OCCCOc3c(OC)cc4c(c3)N=CC3N(C=C(/C=C/C)C3)C4=O)c(OC)cc2C(=O)N2C=C(/C=C/C)CC12,rand_5
molecule_36,C1=C(/C=C/C)CC2N1C(=O)c1c(cc(OCCCOc3cc4c(cc3OC)C(=O)N3C(CC(/C=C/C)=C3)C=N4)c(OC)c1)N=C2,rand_6
molecule_36,c1c2c(cc(OC)c1OCCCOc1c(OC)cc3c(c1)N=CC1N(C3=O)C=C(/C=C/C)C1)C(=O)N1C=C(/C=C/C)CC1C=N2,rand_7
molecule_36,c1c2c(cc(OC)c1OCCCOc1c(OC)cc3c(c1)N=CC1CC(/C=C/C)=CN1C3=O)C(=O)N1C(CC(/C=C/C)=C1)C=N2,rand_8
molecule_36,c1c(OCCCOc2cc3c(cc2OC)C(=O)N2C(CC(/C=C/C)=C2)C=N3)c(OC)cc2c1N=CC1N(C=C(/C=C/C)C1)C2=O,rand_9
molecule_36,C1=C(/C=C/C)CC2C=Nc3cc(OCCCOc4c(OC)cc5c(c4)N=CC4N(C5=O)C=C(/C=C/C)C4)c(OC)cc3C(=O)N12,rand_10
molecule_37,c12nc3cc(F)c(C)c4c3c(c1Cn1c-2cc2c(c1=O)COC(=O)[C@@]2(CC)O)[C@@H](N)CC4,rand_1
molecule_37,c12cc(F)c(C)c3c1c(c1c(n2)-c2cc4c(c(=O)n2C1)COC(=O)[C@@]4(CC)O)[C@@H](N)CC3,rand_2
molecule_37,c12nc3c(c4c1c(c(C)c(F)c2)CC[C@@H]4N)Cn1c-3cc2c(c1=O)COC(=O)[C@@]2(CC)O,rand_3
molecule_37,c12c3c(c(C)c(F)c1)CC[C@H](N)c3c1c(n2)-c2n(c(=O)c3c(c2)[C@@](O)(CC)C(=O)OC3)C1,rand_4
molecule_37,O=c1n2c(cc3c1COC(=O)[C@]3(O)CC)-c1c(c3c4c(cc(F)c(C)c4CC[C@@H]3N)n1)C2,rand_5
molecule_37,C1(=O)OCc2c(cc3n(c2=O)Cc2c4c5c(c(C)c(F)cc5nc2-3)CC[C@@H]4N)[C@]1(CC)O,rand_6
molecule_37,[C@]1(CC)(O)C(=O)OCc2c(=O)n3c(cc21)-c1nc2cc(F)c(C)c4c2c(c1C3)[C@@H](N)CC4,rand_7
molecule_37,c12c(c3c4c(c(C)c(F)cc4n1)CC[C@@H]3N)Cn1c-2cc2c(c1=O)COC(=O)[C@]2(O)CC,rand_8
molecule_37,c12c(=O)n3c(cc1[C@](CC)(O)C(=O)OC2)-c1c(c2c4c(c(C)c(F)cc4n1)CC[C@@H]2N)C3,rand_9
molecule_37,c12cc(F)c(C)c3c1c(c1c(n2)-c2n(c(=O)c4c(c2)[C@](CC)(O)C(=O)OC4)C1)[C@@H](N)CC3,rand_10
molecule_38,C12(C)OC1C(C)C1OC(=O)NC(O)(C(OC)/C=C/C=C(\C)Cc3cc(OC)c(Cl)c(c3)N(C)C(=O)CC2OC(=O)C(C)N(C)C(CCCCCN)=O)C1,rand_1
molecule_38,C12(O)CC(C(C)C3OC3(C)C(OC(=O)C(C)N(C)C(=O)CCCCCN)CC(=O)N(C)c3cc(cc(OC)c3Cl)C/C(C)=C/C=C/C1OC)OC(=O)N2,rand_2
molecule_38,O=C1N(C)c2c(Cl)c(OC)cc(c2)C/C(C)=C/C=C/C(OC)C2(O)NC(=O)OC(C(C)C3C(C)(C(OC(C(N(C(=O)CCCCCN)C)C)=O)C1)O3)C2,rand_3
molecule_38,c12cc(OC)c(Cl)c(c1)N(C)C(=O)CC(OC(=O)C(N(C(CCCCCN)=O)C)C)C1(C)OC1C(C)C1CC(O)(C(OC)/C=C/C=C(\C)C2)NC(=O)O1,rand_4
molecule_38,C1=C(\C)Cc2cc(OC)c(Cl)c(c2)N(C)C(=O)CC(OC(=O)C(C)N(C)C(=O)CCCCCN)C2(C)OC2C(C)C2CC(O)(C(OC)/C=C/1)NC(=O)O2,rand_5
molecule_38,C1/C(C)=C/C=C/C(OC)C2(O)NC(=O)OC(C2)C(C)C2OC2(C)C(OC(=O)C(C)N(C)C(=O)CCCCCN)CC(=O)N(C)c2c(Cl)c(OC)cc1c2,rand_6
molecule_38,C(N(C(C(OC1C2(C)OC2C(C)C2CC(O)(NC(=O)O2)C(OC)/C=C/C=C(\C)Cc2cc(c(Cl)c(OC)c2)N(C)C(=O)C1)=O)C)C)(CCCCCN)=O,rand_7
molecule_38,C/C1=C\C=C\C(OC)C2(O)CC(OC(=O)N2)C(C)C2C(C)(O2)C(OC(=O)C(C)N(C(CCCCCN)=O)C)CC(=O)N(C)c2c(Cl)c(OC)cc(c2)C1,rand_8
molecule_38,c1(Cl)c2cc(cc1OC)C/C(C)=C/C=C/C(OC)C1(O)CC(C(C)C3OC3(C)C(OC(=O)C(N(C)C(=O)CCCCCN)C)CC(=O)N2C)OC(=O)N1,rand_9
molecule_38,N(C)(C(C)C(=O)OC1C2(C)OC2C(C)C2OC(=O)NC(O)(C2)C(OC)/C=C/C=C(\C)Cc2cc(OC)c(Cl)c(c2)N(C)C(=O)C1)C(=O)CCCCCN,rand_10
molecule_39,c1c2c(ccc1)[nH]c1c2CC2C(=O)NCC(=O)NC(C(C)CC)C(=O)NCC(=O)NC(CS1)C(=O)NC(CC(N)=O)C(=O)N1CC(O)CC1C(=O)NC(C(C(CO)O)C)C(=O)N2,rand_1
molecule_39,C1(CC(N)=O)NC(=O)C2CSc3c(c4c([nH]3)cccc4)CC(C(=O)NCC(=O)NC(C(CC)C)C(=O)NCC(=O)N2)NC(=O)C(C(C(CO)O)C)NC(=O)C2CC(O)CN2C1=O,rand_2
molecule_39,C12C(=O)NC(C(C(O)CO)C)C(=O)NC3Cc4c([nH]c5ccccc54)SCC(C(=O)NC(CC(=O)N)C(=O)N1CC(O)C2)NC(=O)CNC(=O)C(C(CC)C)NC(=O)CNC3=O,rand_3
molecule_39,C1(C(C)CC)C(=O)NCC(=O)NC2CSc3c(c4c([nH]3)cccc4)CC(NC(=O)C(C(C)C(CO)O)NC(=O)C3CC(O)CN3C(=O)C(CC(N)=O)NC2=O)C(=O)NCC(=O)N1,rand_4
molecule_39,O=C1N2CC(O)CC2C(=O)NC(C(C(CO)O)C)C(=O)NC2C(=O)NCC(=O)NC(C(C)CC)C(=O)NCC(=O)NC(C(=O)NC1CC(=O)N)CSc1[nH]c3ccccc3c1C2,rand_5
molecule_39,O=C1NCC(=O)NC2CSc3c(c4ccccc4[nH]3)CC(NC(=O)C(C(C)C(O)CO)NC(=O)C3N(C(=O)C(CC(N)=O)NC2=O)CC(O)C3)C(=O)NCC(=O)NC1C(C)CC,rand_6
molecule_39,c12[nH]c3ccccc3c1CC1C(=O)NCC(=O)NC(C(CC)C)C(=O)NCC(=O)NC(C(=O)NC(CC(=O)N)C(=O)N3CC(O)CC3C(=O)NC(C(C(CO)O)C)C(=O)N1)CS2,rand_7
molecule_39,C(C)C(C1C(=O)NCC(=O)NC2CSc3[nH]c4c(c3CC(NC(=O)C(C(C)C(CO)O)NC(=O)C3CC(O)CN3C(=O)C(CC(N)=O)NC2=O)C(=O)NCC(=O)N1)cccc4)C,rand_8
molecule_39,O=C1C2NC(=O)CNC(=O)C(C(C)CC)NC(=O)CNC(=O)C(Cc3c([nH]c4ccccc34)SC2)NC(=O)C(C(C(CO)O)C)NC(=O)C2N(CC(O)C2)C(=O)C(CC(N)=O)N1,rand_9
molecule_39,c1ccc2c(c1)c1c([nH]2)SCC2NC(=O)CNC(=O)C(C(C)CC)NC(=O)CNC(=O)C(C1)NC(=O)C(C(C(O)CO)C)NC(=O)C1CC(O)CN1C(=O)C(CC(N)=O)NC2=O,rand_10
molecule_40,c12cc3cccc4c3c(c1cccc2)C(=O)N(CCN1CCN(CCCCCOc2c(OC)cc3c(c2)N=C[C@H]2N(C=C(c5ccc(N)cc5)C2)C3=O)CC1)C4=O,rand_1
molecule_40,c1ccc2c3c(c4ccccc4cc13)C(=O)N(CCN1CCN(CCCCCOc3c(OC)cc4c(c3)N=C[C@H]3N(C=C(c5ccc(N)cc5)C3)C4=O)CC1)C2=O,rand_2
molecule_40,C1C(c2ccc(N)cc2)=CN2[C@@H]1C=Nc1c(cc(OC)c(OCCCCCN3CCN(CCN4C(=O)c5c6c(cc7c5cccc7)cccc6C4=O)CC3)c1)C2=O,rand_3
molecule_40,c1c(OCCCCCN2CCN(CCN3C(=O)c4c5c(c6c(cccc6)cc5ccc4)C3=O)CC2)c(OC)cc2c1N=C[C@@H]1CC(c3ccc(N)cc3)=CN1C2=O,rand_4
molecule_40,O(c1c(OC)cc2c(c1)N=C[C@H]1N(C=C(c3ccc(N)cc3)C1)C2=O)CCCCCN1CCN(CCN2C(=O)c3c4c(cccc4cc4ccccc34)C2=O)CC1,rand_5
molecule_40,C1N(CCN2C(=O)c3c4c(c5ccccc5cc4ccc3)C2=O)CCN(CCCCCOc2c(OC)cc3c(c2)N=C[C@@H]2CC(c4ccc(N)cc4)=CN2C3=O)C1,rand_6
molecule_40,C(N1CCN(CCN2C(=O)c3c4ccccc4cc4cccc(c34)C2=O)CC1)CCCCOc1c(OC)cc2c(c1)N=C[C@H]1N(C=C(c3ccc(N)cc3)C1)C2=O,rand_7
molecule_40,O(C)c1cc2c(cc1OCCCCCN1CCN(CCN3C(=O)c4c5c(c6c(cc5ccc4)cccc6)C3=O)CC1)N=C[C@@H]1CC(c3ccc(N)cc3)=CN1C2=O,rand_8
molecule_40,c1c2c(cc(OCCCCCN3CCN(CCN4C(=O)c5cccc6cc7ccccc7c(c56)C4=O)CC3)c1OC)N=C[C@@H]1CC(c3ccc(N)cc3)=CN1C2=O,rand_9
molecule_40,N1(CCCCCOc2c(OC)cc3c(c2)N=C[C@H]2N(C=C(c4ccc(N)cc4)C2)C3=O)CCN(CCN2C(=O)c3c4c(ccc3)cc3c(cccc3)c4C2=O)CC1,rand_10
molecule_41,CN1C(=O)[C@H](C)NC(=O)[C@H](NC(=O)c2nc3ccccc3cc2O)COC(=O)[C@@]2(C[C@@H]2C)N(C)C(=O)[C@@H]2CS[C@@H](SC)[C@H]1C(=O)N(C)[C@@]1([C@@H](C)C1)C(=O)OC[C@@H](NC(=O)c1c(O)cc3ccccc3n1)C(=O)N[C@@H](C)C(=O)N2C,rand_1
molecule_41,N1(C)C(=O)[C@H](C)NC(=O)[C@H](NC(c2c(O)cc3ccccc3n2)=O)COC(=O)[C@]2(N(C)C(=O)[C@@H]3[C@H](SC)SC[C@H]1C(=O)N(C)[C@@]1([C@@H](C)C1)C(=O)OC[C@@H](NC(=O)c1c(O)cc4c(cccc4)n1)C(=O)N[C@@H](C)C(=O)N3C)C[C@@H]2C,rand_2
molecule_41,N([C@H]1C(=O)N[C@@H](C)C(=O)N(C)[C@H]2CS[C@@H](SC)[C@H](N(C)C(=O)[C@H](C)NC(=O)[C@H](NC(c3c(O)cc4c(cccc4)n3)=O)COC(=O)[C@@]3(N(C)C2=O)[C@@H](C)C3)C(=O)N(C)[C@]2(C(=O)OC1)[C@@H](C)C2)C(c1c(O)cc2ccccc2n1)=O,rand_3
molecule_41,c12ccccc1nc(C(N[C@@H]1COC(=O)[C@]3(N(C)C(=O)[C@@H]4CS[C@@H](SC)[C@H](N(C)C(=O)[C@H](C)NC1=O)C(=O)N(C)[C@]1(C(=O)OC[C@@H](NC(c5nc6ccccc6cc5O)=O)C(=O)N[C@@H](C)C(=O)N4C)[C@@H](C)C1)C[C@@H]3C)=O)c(O)c2,rand_4
molecule_41,C[C@@H]1[C@]2(C(=O)OC[C@@H](NC(c3nc4c(cccc4)cc3O)=O)C(=O)N[C@@H](C)C(=O)N(C)[C@@H]3C(=O)N(C)[C@]4(C[C@@H]4C)C(=O)OC[C@@H](NC(c4c(O)cc5ccccc5n4)=O)C(=O)N[C@@H](C)C(=O)N(C)[C@@H]([C@H](SC)SC3)C(=O)N2C)C1,rand_5
molecule_41,N1C(=O)[C@H](NC(=O)c2nc3ccccc3cc2O)COC(=O)[C@]2(N(C)C(=O)[C@@H]3[C@H](SC)SC[C@@H](C(=O)N(C)[C@@]4(C(=O)OC[C@@H](NC(=O)c5nc6c(cc5O)cccc6)C(=O)N[C@@H](C)C(=O)N3C)C[C@@H]4C)N(C)C(=O)[C@@H]1C)C[C@@H]2C,rand_6
molecule_41,CS[C@@H]1SC[C@H]2C(=O)N(C)[C@]3(C[C@@H]3C)C(=O)OC[C@@H](NC(=O)c3c(O)cc4c(n3)cccc4)C(=O)N[C@@H](C)C(=O)N(C)[C@@H]1C(=O)N(C)[C@@]1(C(=O)OC[C@@H](NC(c3nc4ccccc4cc3O)=O)C(=O)N[C@@H](C)C(=O)N2C)C[C@@H]1C,rand_7
molecule_41,C1[C@@H](NC(=O)c2c(O)cc3c(cccc3)n2)C(=O)N[C@@H](C)C(=O)N(C)[C@H]2CS[C@@H](SC)[C@@H](C(=O)N(C)[C@@]3([C@@H](C)C3)C(=O)O1)N(C)C(=O)[C@H](C)NC(=O)[C@H](NC(c1c(O)cc3ccccc3n1)=O)COC(=O)[C@@]1(N(C)C2=O)[C@@H](C)C1,rand_8
molecule_41,O=C1OC[C@@H](NC(c2c(O)cc3c(cccc3)n2)=O)C(=O)N[C@@H](C)C(=O)N(C)[C@@H]2C(=O)N(C)[C@]3(C[C@@H]3C)C(=O)OC[C@@H](NC(c3nc4c(cccc4)cc3O)=O)C(=O)N[C@@H](C)C(=O)N(C)[C@@H]([C@H](SC)SC2)C(=O)N(C)[C@@]12[C@@H](C)C2,rand_9
molecule_41,N1(C)[C@@]2(C(=O)OC[C@@H](NC(c3c(O)cc4c(cccc4)n3)=O)C(=O)N[C@@H](C)C(=O)N(C)[C@@H]3C(=O)N(C)[C@]4(C[C@@H]4C)C(=O)OC[C@@H](NC(c4nc5ccccc5cc4O)=O)C(=O)N[C@@H](C)C(=O)N(C)[C@@H]([C@H](SC)SC3)C1=O)C[C@@H]2C,rand_10
molecule_42,C1Sc2c(c3ccccc3[nH]2)CC2C(=O)NCC(=O)NC(C(C)CC)C(=O)NCC(=O)NC1C(=O)NC(CC(N)=O)C(=O)N1CC(C#N)CC1C(=O)NC(C(C(CO)O)C)C(=O)N2,rand_1
molecule_42,C1(CC(N)=O)NC(=O)C2CSc3c(c4c([nH]3)cccc4)CC(C(=O)NCC(=O)NC(C(CC)C)C(=O)NCC(=O)N2)NC(=O)C(C(C(CO)O)C)NC(=O)C2CC(C#N)CN2C1=O,rand_2
molecule_42,C1(=O)NC(C(CC)C)C(=O)NCC(=O)NC2C(=O)NC(CC(=O)N)C(=O)N3C(CC(C#N)C3)C(=O)NC(C(C)C(CO)O)C(=O)NC(Cc3c([nH]c4ccccc43)SC2)C(=O)NC1,rand_3
molecule_42,C1(C(C)CC)C(=O)NCC(=O)NC2CSc3c(c4c([nH]3)cccc4)CC(NC(=O)C(C(C(O)CO)C)NC(=O)C3CC(C#N)CN3C(=O)C(CC(N)=O)NC2=O)C(=O)NCC(=O)N1,rand_4
molecule_42,O=C1CNC(=O)C(C(C)CC)NC(=O)CNC(=O)C2NC(=O)C(C(C)C(CO)O)NC(=O)C3N(C(=O)C(CC(=O)N)NC(=O)C(CSc4[nH]c5ccccc5c4C2)N1)CC(C#N)C3,rand_5
molecule_42,C1(=O)NC2Cc3c4ccccc4[nH]c3SCC(C(=O)NC(CC(N)=O)C(=O)N3C(C(=O)NC1C(C(O)CO)C)CC(C#N)C3)NC(=O)CNC(=O)C(C(C)CC)NC(=O)CNC2=O,rand_6
molecule_42,c12[nH]c3ccccc3c1CC1C(=O)NCC(=O)NC(C(CC)C)C(=O)NCC(=O)NC(C(=O)NC(CC(=O)N)C(=O)N3CC(C#N)CC3C(=O)NC(C(C)C(CO)O)C(=O)N1)CS2,rand_7
molecule_42,C(C)C(C1C(=O)NCC(=O)NC2C(=O)NC(CC(N)=O)C(=O)N3CC(C#N)CC3C(=O)NC(C(C)C(CO)O)C(=O)NC(Cc3c4c([nH]c3SC2)cccc4)C(=O)NCC(=O)N1)C,rand_8
molecule_42,O=C1C2NC(=O)CNC(=O)C(C(C)CC)NC(=O)CNC(=O)C(Cc3c([nH]c4ccccc34)SC2)NC(=O)C(C(C)C(CO)O)NC(=O)C2N(CC(C#N)C2)C(=O)C(CC(N)=O)N1,rand_9
molecule_42,c1ccc2c(c1)c1c([nH]2)SCC2NC(=O)CNC(=O)C(C(C)CC)NC(=O)CNC(=O)C(C1)NC(=O)C(C(C(CO)O)C)NC(=O)C1N(C(=O)C(CC(N)=O)NC2=O)CC(C#N)C1,rand_10
molecule_43,ClCC1CN(C(=O)c2[nH]c3ccc(NC(=O)c4[nH]c5c(cc(NC(CCS)=O)cc5)c4)cc3c2)c2cc(OP(=O)(O)O)c3c(cccc3)c21,rand_1
molecule_43,N1(C(c2[nH]c3c(c2)cc(NC(=O)c2cc4c([nH]2)ccc(NC(=O)CCS)c4)cc3)=O)c2cc(OP(O)(O)=O)c3c(c2C(CCl)C1)cccc3,rand_2
molecule_43,C(=O)(c1cc2c([nH]1)ccc(NC(CCS)=O)c2)Nc1ccc2c(c1)cc(C(N1c3c(c4c(c(OP(O)(=O)O)c3)cccc4)C(CCl)C1)=O)[nH]2,rand_3
molecule_43,c1(NC(CCS)=O)ccc2c(c1)cc(C(=O)Nc1cc3c([nH]c(C(=O)N4CC(CCl)c5c4cc(OP(=O)(O)O)c4c5cccc4)c3)cc1)[nH]2,rand_4
molecule_43,c12c3c(cc(OP(=O)(O)O)c1cccc2)N(C(=O)c1[nH]c2ccc(NC(c4[nH]c5c(cc(NC(CCS)=O)cc5)c4)=O)cc2c1)CC3CCl,rand_5
molecule_43,c1c(NC(=O)CCS)ccc2c1cc(C(Nc1cc3c([nH]c(C(N4CC(CCl)c5c4cc(OP(=O)(O)O)c4ccccc45)=O)c3)cc1)=O)[nH]2,rand_6
molecule_43,O=C(c1[nH]c2ccc(NC(CCS)=O)cc2c1)Nc1cc2c(cc1)[nH]c(C(=O)N1c3cc(OP(O)(=O)O)c4c(cccc4)c3C(CCl)C1)c2,rand_7
molecule_43,c1c2cc(NC(c3cc4cc(NC(=O)CCS)ccc4[nH]3)=O)ccc2[nH]c1C(N1CC(CCl)c2c3c(cccc3)c(OP(O)(O)=O)cc21)=O,rand_8
molecule_43,c1c2cc(NC(=O)c3cc4c(ccc(NC(CCS)=O)c4)[nH]3)ccc2[nH]c1C(N1CC(CCl)c2c3c(c(OP(=O)(O)O)cc21)cccc3)=O,rand_9
molecule_43,c12ccccc1c1c(cc2OP(O)(=O)O)N(C(c2cc3c([nH]2)ccc(NC(=O)c2cc4cc(NC(CCS)=O)ccc4[nH]2)c3)=O)CC1CCl,rand_10
molecule_44,C1(O)(CC)C(=O)OCc2c(=O)n3c(cc21)-c1nc2c4c(c(C)c(F)c2)CCC(NC(=O)C(C2CC2)O)c4c1C3,rand_1
molecule_44,c12cc(F)c(C)c3c1c(c1c(n2)-c2n(c(=O)c4c(c2)C(CC)(O)C(=O)OC4)C1)C(NC(C(O)C1CC1)=O)CC3,rand_2
molecule_44,OC(C(NC1c2c3c(c(C)c(F)cc3nc3c2Cn2c(=O)c4c(cc2-3)C(CC)(O)C(=O)OC4)CC1)=O)C1CC1,rand_3
molecule_44,C1(=O)C(O)(CC)c2cc3n(c(=O)c2CO1)Cc1c2c4c(c(C)c(F)cc4nc1-3)CCC2NC(C(O)C1CC1)=O,rand_4
molecule_44,C1Cc2c3c(cc(F)c2C)nc2c(c3C1NC(=O)C(C1CC1)O)Cn1c-2cc2c(c1=O)COC(=O)C2(O)CC,rand_5
molecule_44,n1c2c(c3c4c1cc(F)c(C)c4CCC3NC(=O)C(O)C1CC1)Cn1c(=O)c3c(cc1-2)C(O)(CC)C(=O)OC3,rand_6
molecule_44,c1(F)cc2nc3c(c4c2c(c1C)CCC4NC(=O)C(O)C1CC1)Cn1c(=O)c2c(cc1-3)C(CC)(O)C(=O)OC2,rand_7
molecule_44,c1(C)c2c3c(c4c(nc3cc1F)-c1n(c(=O)c3c(c1)C(CC)(O)C(=O)OC3)C4)C(NC(C(C1CC1)O)=O)CC2,rand_8
molecule_44,c12cc(F)c(C)c3c1c(c1c(n2)-c2n(c(=O)c4c(c2)C(O)(CC)C(=O)OC4)C1)C(NC(C(C1CC1)O)=O)CC3,rand_9
molecule_44,OC(C1CC1)C(=O)NC1CCc2c(C)c(F)cc3nc4c(c1c32)Cn1c(=O)c2c(cc1-4)C(O)(CC)C(=O)OC2,rand_10
molecule_45,C(CC(P(=O)(O)O)P(=O)(O)O)CN,rand_1
molecule_45,C(P(O)(=O)O)(CCCN)P(=O)(O)O,rand_2
molecule_45,O=P(C(CCCN)P(O)(O)=O)(O)O,rand_3
molecule_45,C(C(P(O)(O)=O)P(=O)(O)O)CCN,rand_4
molecule_45,P(O)(C(P(O)(=O)O)CCCN)(O)=O,rand_5
molecule_45,C(CN)CC(P(O)(O)=O)P(O)(O)=O,rand_6
molecule_45,OP(O)(=O)C(CCCN)P(=O)(O)O,rand_7
molecule_45,OP(O)(=O)C(P(=O)(O)O)CCCN,rand_8
molecule_45,OP(C(P(O)(=O)O)CCCN)(O)=O,rand_9
molecule_45,C(CCN)C(P(O)(=O)O)P(O)(O)=O,rand_10
molecule_46,c1(OCCCOc2c(OC)cc3c(c2)N=C[C@H]2N(C3=O)C=C(c3ccc(OC)cc3)C2)c(OC)cc2c(c1)N=C[C@@H]1CC(c3ccc(N)cc3)=CN1C2=O,rand_1
molecule_46,c1c2c(cc(OCCCOc3cc4c(cc3OC)C(=O)N3C=C(c5ccc(OC)cc5)C[C@H]3C=N4)c1OC)N=C[C@@H]1CC(c3ccc(N)cc3)=CN1C2=O,rand_2
molecule_46,C1[C@H]2C=Nc3cc(OCCCOc4c(OC)cc5c(c4)N=C[C@@H]4CC(c6ccc(N)cc6)=CN4C5=O)c(OC)cc3C(=O)N2C=C1c1ccc(OC)cc1,rand_3
molecule_46,c1cc(OC)ccc1C1=CN2[C@@H](C1)C=Nc1c(cc(OC)c(OCCCOc3c(OC)cc4c(c3)N=C[C@H]3N(C4=O)C=C(c4ccc(N)cc4)C3)c1)C2=O,rand_4
molecule_46,c1(OCCCOc2c(OC)cc3c(c2)N=C[C@H]2N(C=C(c4ccc(N)cc4)C2)C3=O)c(OC)cc2c(c1)N=C[C@H]1N(C2=O)C=C(c2ccc(OC)cc2)C1,rand_5
molecule_46,COc1cc2c(cc1OCCCOc1c(OC)cc3c(c1)N=C[C@@H]1CC(c4ccc(OC)cc4)=CN1C3=O)N=C[C@@H]1CC(c3ccc(N)cc3)=CN1C2=O,rand_6
molecule_46,O=C1N2C=C(c3ccc(OC)cc3)C[C@H]2C=Nc2c1cc(OC)c(OCCCOc1cc3c(cc1OC)C(=O)N1C=C(c4ccc(N)cc4)C[C@H]1C=N3)c2,rand_7
molecule_46,N1=C[C@@H]2CC(c3ccc(N)cc3)=CN2C(=O)c2cc(OC)c(OCCCOc3cc4c(cc3OC)C(=O)N3[C@@H](CC(c5ccc(OC)cc5)=C3)C=N4)cc21,rand_8
molecule_46,c1cc(C2=CN3C(=O)c4c(cc(OCCCOc5c(OC)cc6c(c5)N=C[C@H]5N(C=C(c7ccc(N)cc7)C5)C6=O)c(OC)c4)N=C[C@@H]3C2)ccc1OC,rand_9
molecule_46,c12cc(OC)c(OCCCOc3c(OC)cc4c(c3)N=C[C@@H]3CC(c5ccc(N)cc5)=CN3C4=O)cc1N=C[C@H]1N(C2=O)C=C(c2ccc(OC)cc2)C1,rand_10
molecule_47,c1c(OC)c(OCCCOc2c(OC)cc3c(c2)N(C(OCc2ccc(OC4C(O)C(O)C(O)C(C(=O)O)O4)c([N+]([O-])=O)c2)=O)C(O)C2CC(=C)CN2C3=O)cc2c1C(=O)N1C(CC(=C)C1)C(O)N2,rand_1
molecule_47,c1(OC)cc2c(cc1OCCCOc1cc3c(cc1OC)C(=O)N1C(CC(=C)C1)C(O)N3C(OCc1cc([N+]([O-])=O)c(OC3OC(C(O)=O)C(O)C(O)C3O)cc1)=O)NC(O)C1N(CC(=C)C1)C2=O,rand_2
molecule_47,C(CCOc1cc2c(cc1OC)C(=O)N1CC(=C)CC1C(O)N2)Oc1cc2c(cc1OC)C(=O)N1C(C(O)N2C(=O)OCc2cc([N+]([O-])=O)c(OC3C(O)C(O)C(O)C(C(O)=O)O3)cc2)CC(=C)C1,rand_3
molecule_47,O(C)c1cc2c(cc1OCCCOc1c(OC)cc3c(c1)N(C(=O)OCc1cc([N+](=O)[O-])c(OC4C(O)C(O)C(O)C(C(=O)O)O4)cc1)C(O)C1CC(=C)CN1C3=O)NC(O)C1CC(=C)CN1C2=O,rand_4
molecule_47,C(=O)(OCc1cc([N+]([O-])=O)c(OC2OC(C(=O)O)C(O)C(O)C2O)cc1)N1c2c(cc(OC)c(OCCCOc3c(OC)cc4c(c3)NC(O)C3CC(=C)CN3C4=O)c2)C(=O)N2CC(=C)CC2C1O,rand_5
molecule_47,C=C1CN2C(=O)c3c(cc(OCCCOc4cc5c(cc4OC)C(=O)N4C(CC(=C)C4)C(O)N5C(OCc4cc([N+]([O-])=O)c(OC5C(O)C(O)C(O)C(C(O)=O)O5)cc4)=O)c(OC)c3)NC(O)C2C1,rand_6
molecule_47,c12c(cc(OCCCOc3c(OC)cc4c(c3)NC(O)C3CC(=C)CN3C4=O)c(OC)c1)N(C(OCc1cc([N+]([O-])=O)c(OC3C(O)C(O)C(O)C(C(O)=O)O3)cc1)=O)C(O)C1CC(=C)CN1C2=O,rand_7
molecule_47,c1c2c(cc(OC)c1OCCCOc1c(OC)cc3c(c1)NC(O)C1CC(=C)CN1C3=O)C(=O)N1C(C(O)N2C(OCc2ccc(OC3C(O)C(O)C(O)C(C(=O)O)O3)c([N+]([O-])=O)c2)=O)CC(=C)C1,rand_8
molecule_47,O(c1cc2c(cc1OCCCOc1c(OC)cc3c(c1)N(C(OCc1ccc(OC4OC(C(O)=O)C(O)C(O)C4O)c([N+](=O)[O-])c1)=O)C(O)C1N(C3=O)CC(=C)C1)NC(O)C1CC(=C)CN1C2=O)C,rand_9
molecule_47,[N+](=O)(c1cc(COC(=O)N2c3c(cc(OC)c(OCCCOc4c(OC)cc5c(c4)NC(O)C4CC(=C)CN4C5=O)c3)C(=O)N3CC(=C)CC3C2O)ccc1OC1OC(C(O)=O)C(O)C(O)C1O)[O-],rand_10
molecule_48,C1=CC2(C)C3C(O)CC4C5(C(CO)=O)OC(c6ccc(Sc7cccc(N)c7)cc6)OC5CC4C3CCC2=CC1=O,rand_1
molecule_48,c1c(N)cccc1Sc1ccc(C2OC3CC4C(CC(O)C5C6(C)C=CC(=O)C=C6CCC45)C3(C(=O)CO)O2)cc1,rand_2
molecule_48,O1C(c2ccc(Sc3cc(N)ccc3)cc2)OC2C1(C(=O)CO)C1C(C2)C2CCC3=CC(=O)C=CC3(C)C2C(O)C1,rand_3
molecule_48,OCC(=O)C12C(CC3C4C(C(O)CC31)C1(C)C(=CC(=O)C=C1)CC4)OC(c1ccc(Sc3cc(N)ccc3)cc1)O2,rand_4
molecule_48,S(c1ccc(C2OC3(C(CO)=O)C4C(C5C(C6(C)C=CC(=O)C=C6CC5)C(O)C4)CC3O2)cc1)c1cccc(N)c1,rand_5
molecule_48,C1=C2CCC3C(C(O)CC4C5(C(=O)CO)OC(c6ccc(Sc7cccc(N)c7)cc6)OC5CC43)C2(C)C=CC1=O,rand_6
molecule_48,C1C2C3CC4C(C(=O)CO)(OC(c5ccc(Sc6cccc(N)c6)cc5)O4)C3CC(O)C2C2(C)C=CC(=O)C=C2C1,rand_7
molecule_48,C12C3(C(CO)=O)OC(c4ccc(Sc5cccc(N)c5)cc4)OC3CC1C1C(C3(C)C(=CC(=O)C=C3)CC1)C(O)C2,rand_8
molecule_48,S(c1ccc(C2OC3(C(CO)=O)C(CC4C5CCC6=CC(=O)C=CC6(C)C5C(O)CC43)O2)cc1)c1cc(N)ccc1,rand_9
molecule_48,O1C2(C(=O)CO)C(CC3C4C(C5(C)C=CC(=O)C=C5CC4)C(O)CC23)OC1c1ccc(Sc2cc(N)ccc2)cc1,rand_10
molecule_49,OC(=O)[C@@H](NC(=O)[C@@H]([C@@H](OC)[C@H]1N(C(C[C@@H](OC)[C@H]([C@@H](C)CC)N(C)C([C@H](C(C)C)NC([C@H](C(C)C)N(C)C)=O)=O)=O)CCC1)C)Cc1ccccc1,rand_1
molecule_49,O=C([C@@H](NC([C@H](C(C)C)N(C)C)=O)C(C)C)N(C)[C@@H]([C@H](CC)C)[C@@H](CC(N1[C@H]([C@H](OC)[C@H](C(N[C@H](C(O)=O)Cc2ccccc2)=O)C)CCC1)=O)OC,rand_2
molecule_49,C1[C@@H]([C@@H]([C@@H](C)C(=O)N[C@H](C(O)=O)Cc2ccccc2)OC)N(C(C[C@H]([C@H]([C@H](CC)C)N(C([C@H](C(C)C)NC([C@@H](N(C)C)C(C)C)=O)=O)C)OC)=O)CC1,rand_3
molecule_49,[C@H](N(C(=O)[C@@H](NC(=O)[C@@H](N(C)C)C(C)C)C(C)C)C)([C@@H](C)CC)[C@@H](CC(N1[C@H]([C@H](OC)[C@H](C(=O)N[C@H](C(=O)O)Cc2ccccc2)C)CCC1)=O)OC,rand_4
molecule_49,CC([C@@H](C(=O)N[C@H](C(=O)N([C@@H]([C@@H](C)CC)[C@@H](CC(=O)N1CCC[C@H]1[C@H](OC)[C@H](C(N[C@@H](Cc1ccccc1)C(=O)O)=O)C)OC)C)C(C)C)N(C)C)C,rand_5
molecule_49,CN(C)[C@@H](C(C)C)C(N[C@@H](C(C)C)C(=O)N(C)[C@H]([C@@H](CC(=O)N1[C@H]([C@H](OC)[C@H](C(N[C@@H](Cc2ccccc2)C(O)=O)=O)C)CCC1)OC)[C@@H](C)CC)=O,rand_6
molecule_49,c1(C[C@@H](C(=O)O)NC([C@H](C)[C@H]([C@H]2N(C(C[C@@H](OC)[C@H]([C@H](CC)C)N(C)C(=O)[C@H](C(C)C)NC([C@@H](N(C)C)C(C)C)=O)=O)CCC2)OC)=O)ccccc1,rand_7
molecule_49,CN(C)[C@H](C(N[C@H](C(N(C)[C@@H]([C@H](CC)C)[C@@H](CC(N1[C@H]([C@H](OC)[C@@H](C)C(=O)N[C@H](C(O)=O)Cc2ccccc2)CCC1)=O)OC)=O)C(C)C)=O)C(C)C,rand_8
molecule_49,C(C[C@H]([C@H]([C@@H](C)CC)N(C(=O)[C@@H](NC([C@H](C(C)C)N(C)C)=O)C(C)C)C)OC)(=O)N1[C@H]([C@H](OC)[C@H](C(N[C@@H](Cc2ccccc2)C(O)=O)=O)C)CCC1,rand_9
molecule_49,[C@@H](Cc1ccccc1)(NC(=O)[C@@H]([C@@H](OC)[C@@H]1CCCN1C(C[C@H]([C@@H](N(C([C@@H](NC(=O)[C@@H](N(C)C)C(C)C)C(C)C)=O)C)[C@@H](C)CC)OC)=O)C)C(O)=O,rand_10
molecule_50,C1=CC2(C)C(=CC1=O)C(F)CC1C2(F)C(O)CC2C3(C(=O)CO)OC(c4ccc(SCc5cc(N)ccc5)cc4)OC3CC21,rand_1
molecule_50,c1c(CSc2ccc(C3OC4(C(CO)=O)C(CC5C4CC(O)C4(F)C6(C)C=CC(=O)C=C6C(F)CC45)O3)cc2)cccc1N,rand_2
molecule_50,c1cc(SCc2cc(N)ccc2)ccc1C1OC2C(C(=O)CO)(O1)C1CC(O)C3(F)C(C1C2)CC(F)C1=CC(=O)C=CC13C,rand_3
molecule_50,c1c(C2OC3CC4C5C(F)(C(O)CC4C3(C(=O)CO)O2)C2(C)C(=CC(=O)C=C2)C(F)C5)ccc(SCc2cccc(N)c2)c1,rand_4
molecule_50,c1c(CSc2ccc(C3OC4(C(CO)=O)C5CC(O)C6(F)C7(C)C=CC(=O)C=C7C(F)CC6C5CC4O3)cc2)cccc1N,rand_5
molecule_50,c1cc(C2OC3(C(CO)=O)C4CC(O)C5(F)C(C4CC3O2)CC(F)C2=CC(=O)C=CC25C)ccc1SCc1cccc(N)c1,rand_6
molecule_50,c1(SCc2cccc(N)c2)ccc(C2OC3CC4C(C3(C(CO)=O)O2)CC(O)C2(F)C3(C)C=CC(=O)C=C3C(F)CC42)cc1,rand_7
molecule_50,C12C(C3C(F)(C4(C)C(=CC(=O)C=C4)C(F)C3)C(O)C1)CC1C2(C(CO)=O)OC(c2ccc(SCc3cccc(N)c3)cc2)O1,rand_8
molecule_50,C1C(O)C2(F)C(C3CC4OC(c5ccc(SCc6cccc(N)c6)cc5)OC4(C(=O)CO)C13)CC(F)C1=CC(=O)C=CC12C,rand_9
molecule_50,c1c(N)cc(CSc2ccc(C3OC4(C(=O)CO)C5CC(O)C6(F)C7(C)C(=CC(=O)C=C7)C(F)CC6C5CC4O3)cc2)cc1,rand_10
molecule_51,NC(=O)[C@@H](NC(=O)[C@@H]([C@@H](OC)[C@H]1N(C(C[C@@H](OC)[C@H]([C@@H](C)CC)N(C)C([C@H]([C@@H](N=[N+]=[N-])C)NC(=O)[C@@H](NC)C(C)C)=O)=O)CCC1)C)Cc1ccccc1,rand_1
molecule_51,CO[C@@H]([C@H]1N(C(C[C@@H](OC)[C@H]([C@H](CC)C)N(C([C@@H](NC([C@H](C(C)C)NC)=O)[C@H](C)N=[N+]=[N-])=O)C)=O)CCC1)[C@H](C(N[C@H](C(N)=O)Cc1ccccc1)=O)C,rand_2
molecule_51,C1[C@@H]([C@H](OC)[C@@H](C)C(=O)N[C@H](C(N)=O)Cc2ccccc2)N(C(C[C@@H](OC)[C@@H](N(C([C@@H](NC(=O)[C@H](C(C)C)NC)[C@H](C)N=[N+]=[N-])=O)C)[C@H](CC)C)=O)CC1,rand_3
molecule_51,[C@H](N(C(=O)[C@@H](NC([C@@H](NC)C(C)C)=O)[C@@H](N=[N+]=[N-])C)C)([C@@H](C)CC)[C@@H](CC(N1[C@H]([C@H](OC)[C@H](C(=O)N[C@H](C(=O)N)Cc2ccccc2)C)CCC1)=O)OC,rand_4
molecule_51,C(N[C@@H](Cc1ccccc1)C(=O)N)(=O)[C@H](C)[C@@H](OC)[C@@H]1CCCN1C(C[C@H]([C@H]([C@@H](C)CC)N(C([C@H]([C@H](C)N=[N+]=[N-])NC([C@@H](NC)C(C)C)=O)=O)C)OC)=O,rand_5
molecule_51,CN[C@H](C(=O)N[C@H](C(=O)N(C)[C@H]([C@@H](CC(=O)N1[C@H]([C@H](OC)[C@H](C(N[C@@H](Cc2ccccc2)C(N)=O)=O)C)CCC1)OC)[C@@H](C)CC)[C@H](C)N=[N+]=[N-])C(C)C,rand_6
molecule_51,c1(C[C@@H](C(=O)N)NC([C@H](C)[C@H]([C@H]2N(C(C[C@@H](OC)[C@H]([C@H](CC)C)N(C)C(=O)[C@H]([C@H](C)N=[N+]=[N-])NC([C@H](C(C)C)NC)=O)=O)CCC2)OC)=O)ccccc1,rand_7
molecule_51,CN(C([C@@H](NC(=O)[C@@H](NC)C(C)C)[C@@H](N=[N+]=[N-])C)=O)[C@@H]([C@H](CC)C)[C@@H](CC(N1[C@H]([C@H](OC)[C@@H](C)C(=O)N[C@H](C(N)=O)Cc2ccccc2)CCC1)=O)OC,rand_8
molecule_51,C(C[C@H]([C@H]([C@@H](C)CC)N(C)C([C@@H](NC(=O)[C@H](C(C)C)NC)[C@@H](N=[N+]=[N-])C)=O)OC)(=O)N1[C@H]([C@@H]([C@H](C(N[C@@H](Cc2ccccc2)C(N)=O)=O)C)OC)CCC1,rand_9
molecule_51,[C@@H](Cc1ccccc1)(NC(=O)[C@@H]([C@@H](OC)[C@@H]1CCCN1C(C[C@H]([C@@H](N(C([C@@H](NC([C@@H](NC)C(C)C)=O)[C@@H](N=[N+]=[N-])C)=O)C)[C@@H](C)CC)OC)=O)C)C(N)=O,rand_10
molecule_52,c1c(OC)c(OCc2cc(CC(=O)N3CC(CCl)c4c5ccccc5c(O)cc43)ccc2)cc2c1C(=O)N1CCCCC1C=N2,rand_1
molecule_52,C1N2C(=O)c3cc(OC)c(OCc4cc(CC(=O)N5c6c(c7ccccc7c(O)c6)C(CCl)C5)ccc4)cc3N=CC2CCC1,rand_2
molecule_52,c1cc(CC(N2CC(CCl)c3c4c(c(O)cc32)cccc4)=O)cc(COc2cc3c(cc2OC)C(=O)N2CCCCC2C=N3)c1,rand_3
molecule_52,c1c2c(c(O)cc3c2C(CCl)CN3C(Cc2cccc(COc3c(OC)cc4c(c3)N=CC3CCCCN3C4=O)c2)=O)ccc1,rand_4
molecule_52,N12C(=O)c3cc(OC)c(OCc4cccc(CC(N5c6cc(O)c7ccccc7c6C(CCl)C5)=O)c4)cc3N=CC1CCCC2,rand_5
molecule_52,c1ccc2c3c(cc(O)c2c1)N(C(=O)Cc1cc(COc2cc4c(cc2OC)C(=O)N2CCCCC2C=N4)ccc1)CC3CCl,rand_6
molecule_52,C1(CCl)c2c(cc(O)c3ccccc32)N(C(Cc2cccc(COc3c(OC)cc4c(c3)N=CC3N(CCCC3)C4=O)c2)=O)C1,rand_7
molecule_52,C1CCN2C(=O)c3c(cc(OCc4cccc(CC(=O)N5c6c(c7ccccc7c(O)c6)C(CCl)C5)c4)c(OC)c3)N=CC2C1,rand_8
molecule_52,C1CC2N(CC1)C(=O)c1c(cc(OCc3cccc(CC(=O)N4CC(CCl)c5c4cc(O)c4ccccc54)c3)c(OC)c1)N=C2,rand_9
molecule_52,c1ccc2c3c(cc(O)c2c1)N(C(=O)Cc1cc(COc2cc4c(cc2OC)C(=O)N2C(CCCC2)C=N4)ccc1)CC3CCl,rand_10
molecule_53,C1=CC2(C)C3C(O)CC4C5(C(CO)=O)OC(c6ccc(S(=O)(=O)c7cccc(N)c7)cc6)OC5CC4C3CCC2=CC1=O,rand_1
molecule_53,c1(N)cc(S(c2ccc(C3OC4CC5C(CC(O)C6C7(C)C=CC(=O)C=C7CCC65)C4(C(=O)CO)O3)cc2)(=O)=O)ccc1,rand_2
molecule_53,c1cc(C2OC3C(C(CO)=O)(C4C(C3)C3CCC5=CC(=O)C=CC5(C)C3C(O)C4)O2)ccc1S(c1cc(N)ccc1)(=O)=O,rand_3
molecule_53,c1c(C2OC3(C(=O)CO)C(CC4C5C(C(O)CC43)C3(C)C(=CC(=O)C=C3)CC5)O2)ccc(S(=O)(=O)c2cccc(N)c2)c1,rand_4
molecule_53,Nc1cc(S(=O)(c2ccc(C3OC4(C(CO)=O)C(CC5C6C(C(O)CC54)C4(C)C=CC(=O)C=C4CC6)O3)cc2)=O)ccc1,rand_5
molecule_53,OC1C2C3(C)C(=CC(=O)C=C3)CCC2C2CC3C(C(CO)=O)(OC(c4ccc(S(c5cccc(N)c5)(=O)=O)cc4)O3)C2C1,rand_6
molecule_53,S(=O)(=O)(c1cccc(N)c1)c1ccc(C2OC3(C(=O)CO)C(CC4C5CCC6=CC(=O)C=CC6(C)C5C(O)CC34)O2)cc1,rand_7
molecule_53,C12C(CC3C1(C(CO)=O)OC(c1ccc(S(=O)(c4cccc(N)c4)=O)cc1)O3)C1C(C3(C)C(=CC(=O)C=C3)CC1)C(O)C2,rand_8
molecule_53,c1ccc(S(=O)(c2ccc(C3OC4CC5C(CC(O)C6C5CCC5=CC(=O)C=CC56C)C4(C(=O)CO)O3)cc2)=O)cc1N,rand_9
molecule_53,c1cc(S(=O)(c2cccc(N)c2)=O)ccc1C1OC2(C(=O)CO)C(CC3C2CC(O)C2C4(C)C(=CC(=O)C=C4)CCC32)O1,rand_10
molecule_54,C1=CC2(C)C(=CC1=O)C(F)CC1C2(F)C(O)CC2C3(C(=O)CO)OC(c4ccc(Cc5ccc(N)cc5)cc4)OC3CC12,rand_1
molecule_54,c1c(N)ccc(Cc2ccc(C3OC4(C(CO)=O)C(CC5C4CC(O)C4(F)C6(C)C=CC(=O)C=C6C(F)CC54)O3)cc2)c1,rand_2
molecule_54,c1c(C2OC3(C(=O)CO)C(O2)CC2C4C(F)(C(O)CC23)C2(C)C=CC(=O)C=C2C(F)C4)ccc(Cc2ccc(N)cc2)c1,rand_3
molecule_54,O1C(c2ccc(Cc3ccc(N)cc3)cc2)OC2CC3C4C(F)(C(O)CC3C12C(CO)=O)C1(C)C(=CC(=O)C=C1)C(F)C4,rand_4
molecule_54,c1c(Cc2ccc(C3OC4(C(=O)CO)C5C(C6C(F)(C7(C)C=CC(=O)C=C7C(F)C6)C(O)C5)CC4O3)cc2)ccc(N)c1,rand_5
molecule_54,C12(F)C(O)CC3C4(C(=O)CO)OC(c5ccc(Cc6ccc(N)cc6)cc5)OC4CC3C1CC(F)C1=CC(=O)C=CC21C,rand_6
molecule_54,c1(Cc2ccc(N)cc2)ccc(C2OC3CC4C(C3(C(CO)=O)O2)CC(O)C2(F)C3(C)C=CC(=O)C=C3C(F)CC42)cc1,rand_7
molecule_54,C1C(O)C2(F)C(C3C1C1(C(CO)=O)C(OC(c4ccc(Cc5ccc(N)cc5)cc4)O1)C3)CC(F)C1=CC(=O)C=CC21C,rand_8
molecule_54,Nc1ccc(Cc2ccc(C3OC4CC5C6CC(F)C7=CC(=O)C=CC7(C)C6(F)C(O)CC5C4(C(=O)CO)O3)cc2)cc1,rand_9
molecule_54,O1C2(C(CO)=O)C(CC3C2CC(O)C2(F)C4(C)C(=CC(=O)C=C4)C(F)CC32)OC1c1ccc(Cc2ccc(N)cc2)cc1,rand_10
molecule_55,N(=[N+]=[N-])C[C@@H](NC(=O)[C@@H]([C@H]([C@H]1N(C(C[C@@H](OC)[C@H]([C@@H](C)CC)N(C)C([C@@H](NC([C@H](C(C)C)N(C)C)=O)C(C)C)=O)=O)CCC1)OC)C)Cc1ccc(N)cc1,rand_1
molecule_55,[N-]=[N+]=NC[C@@H](NC(=O)[C@H](C)[C@H]([C@H]1N(C(C[C@@H](OC)[C@H]([C@H](CC)C)N(C([C@H](C(C)C)NC([C@@H](N(C)C)C(C)C)=O)=O)C)=O)CCC1)OC)Cc1ccc(N)cc1,rand_2
molecule_55,C1[C@@H]([C@@H]([C@@H](C)C(=O)N[C@H](CN=[N+]=[N-])Cc2ccc(N)cc2)OC)N(C(C[C@H]([C@H]([C@H](CC)C)N(C(=O)[C@@H](NC([C@@H](N(C)C)C(C)C)=O)C(C)C)C)OC)=O)CC1,rand_3
molecule_55,[C@H](N(C)C([C@H](C(C)C)NC([C@@H](N(C)C)C(C)C)=O)=O)([C@@H](C)CC)[C@H](OC)CC(N1[C@H]([C@H](OC)[C@@H](C)C(=O)N[C@H](CN=[N+]=[N-])Cc2ccc(N)cc2)CCC1)=O,rand_4
molecule_55,C(N[C@@H](Cc1ccc(N)cc1)CN=[N+]=[N-])(=O)[C@H](C)[C@@H](OC)[C@@H]1CCCN1C(C[C@H]([C@H]([C@@H](C)CC)N(C([C@H](C(C)C)NC([C@@H](N(C)C)C(C)C)=O)=O)C)OC)=O,rand_5
molecule_55,CN(C)[C@H](C(=O)N[C@H](C(N(C)[C@H]([C@@H](CC(=O)N1[C@H]([C@H](OC)[C@H](C(N[C@@H](Cc2ccc(N)cc2)CN=[N+]=[N-])=O)C)CCC1)OC)[C@@H](C)CC)=O)C(C)C)C(C)C,rand_6
molecule_55,c1(C[C@@H](CN=[N+]=[N-])NC([C@H](C)[C@H]([C@H]2N(C(C[C@@H](OC)[C@@H](N(C)C([C@@H](NC([C@@H](N(C)C)C(C)C)=O)C(C)C)=O)[C@H](CC)C)=O)CCC2)OC)=O)ccc(N)cc1,rand_7
molecule_55,CO[C@H](CC(N1[C@H]([C@H](OC)[C@@H](C)C(=O)N[C@H](CN=[N+]=[N-])Cc2ccc(N)cc2)CCC1)=O)[C@@H](N(C(=O)[C@H](C(C)C)NC([C@@H](N(C)C)C(C)C)=O)C)[C@H](CC)C,rand_8
molecule_55,C(C[C@H]([C@H]([C@@H](C)CC)N(C([C@H](C(C)C)NC(=O)[C@H](C(C)C)N(C)C)=O)C)OC)(=O)N1[C@H]([C@@H]([C@H](C(N[C@@H](Cc2ccc(N)cc2)CN=[N+]=[N-])=O)C)OC)CCC1,rand_9
molecule_55,[C@@H](Cc1ccc(N)cc1)(NC(=O)[C@@H]([C@H]([C@@H]1CCCN1C(C[C@@H](OC)[C@H]([C@@H](C)CC)N(C([C@@H](NC([C@@H](N(C)C)C(C)C)=O)C(C)C)=O)C)=O)OC)C)CN=[N+]=[N-],rand_10
molecule_56,c1(OCCCCCOc2cc3c(cc2OC)C(=O)N2[C@@H](CCC2)C=N3)c(OC)cc2c(c1)N=C[C@H]1N(CCC1)C2=O,rand_1
molecule_56,c12c(cc(OCCCCCOc3c(OC)cc4c(c3)N=C[C@@H]3CCCN3C4=O)c(OC)c1)N=C[C@H]1N(C2=O)CCC1,rand_2
molecule_56,N1=C[C@@H]2CCCN2C(=O)c2c1cc(OCCCCCOc1cc3c(cc1OC)C(=O)N1CCC[C@H]1C=N3)c(OC)c2,rand_3
molecule_56,C1CC[C@H]2C=Nc3c(cc(OC)c(OCCCCCOc4cc5c(cc4OC)C(=O)N4CCC[C@H]4C=N5)c3)C(=O)N12,rand_4
molecule_56,C(CCOc1cc2c(cc1OC)C(=O)N1CCC[C@H]1C=N2)CCOc1c(OC)cc2c(c1)N=C[C@H]1N(C2=O)CCC1,rand_5
molecule_56,c12cc(OC)c(OCCCCCOc3cc4c(cc3OC)C(=O)N3[C@H](C=N4)CCC3)cc1N=C[C@@H]1CCCN1C2=O,rand_6
molecule_56,O=C1c2c(cc(OCCCCCOc3cc4c(cc3OC)C(=O)N3CCC[C@H]3C=N4)c(OC)c2)N=C[C@@H]2CCCN12,rand_7
molecule_56,N12C(=O)c3c(cc(OCCCCCOc4cc5c(cc4OC)C(=O)N4CCC[C@H]4C=N5)c(OC)c3)N=C[C@@H]1CCC2,rand_8
molecule_56,C(CCOc1cc2c(cc1OC)C(=O)N1CCC[C@H]1C=N2)CCOc1c(OC)cc2c(c1)N=C[C@H]1N(C2=O)CCC1,rand_9
molecule_56,N1=C[C@@H]2CCCN2C(=O)c2cc(OC)c(OCCCCCOc3c(OC)cc4c(c3)N=C[C@@H]3CCCN3C4=O)cc21,rand_10
molecule_57,O=C(c1c(OC)c(OC)c(OC2OC(C)C(O)C(OC)C2O)c(I)c1C)SC1C(O)CC(ONC2C(O)C(OC3OCC(N(C(C)=O)CC)C(OC)C3)C(OC3C4=C(NC(OC)=O)C(=O)CC(O)(/C4=C/CSSC(C)(C)CCC(=O)O)C#C/C=C\C#C3)OC2C)OC1C,rand_1
molecule_57,S(C/C=C1/C2(O)CC(=O)C(NC(OC)=O)=C1C(OC1C(OC3CC(OC)C(N(C(=O)C)CC)CO3)C(O)C(NOC3CC(O)C(SC(=O)c4c(OC)c(OC)c(OC5OC(C)C(O)C(OC)C5O)c(I)c4C)C(C)O3)C(C)O1)C#C/C=C\C#C2)SC(CCC(=O)O)(C)C,rand_2
molecule_57,O(C1C(N(CC)C(C)=O)COC(OC2C(OC3C4=C(NC(OC)=O)C(=O)CC(O)(/C4=C/CSSC(C)(C)CCC(O)=O)C#C/C=C\C#C3)OC(C)C(NOC3OC(C)C(SC(=O)c4c(C)c(I)c(OC5OC(C)C(O)C(OC)C5O)c(OC)c4OC)C(O)C3)C2O)C1)C,rand_3
molecule_57,O(C1C#C/C=C\C#CC2(O)/C(=C/CSSC(C)(CCC(O)=O)C)C1=C(NC(=O)OC)C(=O)C2)C1C(OC2CC(OC)C(N(C(=O)C)CC)CO2)C(O)C(NOC2CC(O)C(SC(=O)c3c(OC)c(OC)c(OC4C(O)C(OC)C(O)C(C)O4)c(I)c3C)C(C)O2)C(C)O1,rand_4
molecule_57,CC(SSC/C=C1\C2=C(NC(=O)OC)C(=O)CC1(O)C#C/C=C\C#CC2OC1C(OC2CC(OC)C(N(C(C)=O)CC)CO2)C(O)C(NOC2OC(C)C(SC(c3c(OC)c(OC)c(OC4OC(C)C(O)C(OC)C4O)c(I)c3C)=O)C(O)C2)C(C)O1)(C)CCC(O)=O,rand_5
molecule_57,OC1CC(ONC2C(C)OC(OC3C4=C(NC(OC)=O)C(=O)CC(O)(C#C/C=C\C#C3)/C4=C/CSSC(C)(CCC(=O)O)C)C(OC3CC(OC)C(N(C(C)=O)CC)CO3)C2O)OC(C)C1SC(=O)c1c(C)c(I)c(OC2C(O)C(OC)C(O)C(C)O2)c(OC)c1OC,rand_6
molecule_57,C1#C/C=C\C#CC(OC2C(OC3CC(OC)C(N(CC)C(=O)C)CO3)C(O)C(NOC3OC(C)C(SC(=O)c4c(OC)c(OC)c(OC5C(O)C(OC)C(O)C(C)O5)c(I)c4C)C(O)C3)C(C)O2)C2=C(NC(OC)=O)C(=O)CC1(O)/C2=C/CSSC(C)(CCC(O)=O)C,rand_7
molecule_57,C(C)(N(CC)C1C(OC)CC(OC2C(OC3C4=C(NC(=O)OC)C(=O)CC(O)(/C4=C/CSSC(CCC(=O)O)(C)C)C#C/C=C\C#C3)OC(C)C(NOC3OC(C)C(SC(=O)c4c(OC)c(OC)c(OC5C(O)C(OC)C(O)C(C)O5)c(I)c4C)C(O)C3)C2O)OC1)=O,rand_8
molecule_57,C1(N(C(=O)C)CC)COC(OC2C(O)C(NOC3OC(C)C(SC(c4c(C)c(I)c(OC5C(O)C(OC)C(O)C(C)O5)c(OC)c4OC)=O)C(O)C3)C(C)OC2OC2C3=C(NC(OC)=O)C(=O)CC(O)(C#C/C=C\C#C2)/C3=C/CSSC(CCC(O)=O)(C)C)CC1OC,rand_9
molecule_57,C(\CSSC(CCC(=O)O)(C)C)=C1/C2(O)C#C/C=C\C#CC(OC3OC(C)C(NOC4CC(O)C(SC(c5c(C)c(I)c(OC6C(O)C(OC)C(O)C(C)O6)c(OC)c5OC)=O)C(C)O4)C(O)C3OC3CC(OC)C(N(C(C)=O)CC)CO3)C1=C(NC(OC)=O)C(=O)C2,rand_10
molecule_58,[C@H]1(O)[C@]23O[C@H]2C[C@H]2C4=C(C(=O)OC4)CC[C@]2(C)[C@]32[C@H]([C@H]3[C@]1(C(C)C)O3)O2,rand_1
molecule_58,O=C1C2=C([C@H]3[C@](C)(CC2)[C@]24[C@H]([C@H]5[C@](C(C)C)(O5)[C@@H](O)[C@@]25O[C@H]5C3)O4)CO1,rand_2
molecule_58,[C@H]1(O)[C@]23[C@H](C[C@H]4C5=C(C(=O)OC5)CC[C@]4(C)[C@]24[C@H]([C@@H]2O[C@]12C(C)C)O4)O3,rand_3
molecule_58,O=C1OCC2=C1CC[C@]1(C)[C@]34[C@H]([C@H]5[C@@](C(C)C)([C@@H](O)[C@]36[C@@H](O6)C[C@@H]21)O5)O4,rand_4
molecule_58,O1C(=O)C2=C(C1)[C@H]1[C@](C)(CC2)[C@@]23[C@]4(O[C@H]4C1)[C@H](O)[C@@]1(C(C)C)O[C@H]1[C@@H]2O3,rand_5
molecule_58,CC(C)[C@]12O[C@H]1[C@H]1[C@]3(O1)[C@]1([C@@H]2O)[C@H](C[C@H]2C4=C(C(=O)OC4)CC[C@@]23C)O1,rand_6
molecule_58,C12=C(COC1=O)[C@H]1[C@](C)(CC2)[C@@]23[C@]4(O[C@H]4C1)[C@H](O)[C@@]1(C(C)C)O[C@H]1[C@@H]2O3,rand_7
molecule_58,[C@H]1(O)[C@@]23[C@@]4([C@H]([C@@H]5O[C@]15C(C)C)O4)[C@]1(C)[C@@H](C[C@@H]2O3)C2=C(C(=O)OC2)CC1,rand_8
molecule_58,O1[C@@H]2[C@@]1(C(C)C)[C@@H](O)[C@@]13[C@]4([C@@]5(C)CCC6=C([C@@H]5C[C@@H]1O3)COC6=O)[C@H]2O4,rand_9
molecule_58,O[C@@H]1[C@@]2(C(C)C)O[C@H]2[C@H]2[C@]3(O2)[C@]12O[C@H]2C[C@H]1C2=C(CC[C@@]13C)C(=O)OC2,rand_10
molecule_59,c1sc([C@@H](NC(=O)[C@@H]([C@@H](OC)[C@H]2N(C(C[C@H]([C@H]([C@@H](C)CC)N(C)C(=O)[C@H](C(C)C)NC(C(N)(C)C)=O)OC)=O)CCC2)C)Cc2ccccc2)nc1,rand_1
molecule_59,N(C([C@H](C(C)C)NC(=O)C(C)(C)N)=O)(C)[C@@H]([C@H](CC)C)[C@H](OC)CC(N1[C@H]([C@H](OC)[C@H](C(N[C@H](c2sccn2)Cc2ccccc2)=O)C)CCC1)=O,rand_2
molecule_59,C1[C@@H]([C@H](OC)[C@@H](C)C(=O)N[C@H](c2nccs2)Cc2ccccc2)N(C(C[C@H]([C@@H](N(C(=O)[C@@H](NC(=O)C(C)(C)N)C(C)C)C)[C@H](CC)C)OC)=O)CC1,rand_3
molecule_59,c1cccc(C[C@@H](c2nccs2)NC([C@@H]([C@@H](OC)[C@@H]2CCCN2C(C[C@H]([C@H]([C@@H](C)CC)N(C)C([C@H](C(C)C)NC(=O)C(C)(C)N)=O)OC)=O)C)=O)c1,rand_4
molecule_59,CO[C@@H]([C@@H]1CCCN1C(C[C@H]([C@H]([C@@H](C)CC)N(C([C@@H](NC(C(C)(N)C)=O)C(C)C)=O)C)OC)=O)[C@H](C(N[C@@H](Cc1ccccc1)c1nccs1)=O)C,rand_5
molecule_59,NC(C)(C(=O)N[C@H](C(=O)N(C)[C@H]([C@@H](CC(=O)N1[C@H]([C@H](OC)[C@H](C(N[C@@H](Cc2ccccc2)c2sccn2)=O)C)CCC1)OC)[C@@H](C)CC)C(C)C)C,rand_6
molecule_59,c1(C[C@@H](c2nccs2)NC([C@H](C)[C@H]([C@H]2N(C(C[C@@H](OC)[C@@H](N(C)C(=O)[C@@H](NC(C(N)(C)C)=O)C(C)C)[C@H](CC)C)=O)CCC2)OC)=O)ccccc1,rand_7
molecule_59,CC(N)(C(N[C@H](C(N([C@@H]([C@H](CC)C)[C@H](OC)CC(N1[C@H]([C@H](OC)[C@@H](C)C(=O)N[C@H](c2sccn2)Cc2ccccc2)CCC1)=O)C)=O)C(C)C)=O)C,rand_8
molecule_59,C(C[C@H]([C@H]([C@@H](C)CC)N(C([C@@H](NC(=O)C(C)(N)C)C(C)C)=O)C)OC)(=O)N1[C@H]([C@@H]([C@H](C(N[C@@H](Cc2ccccc2)c2sccn2)=O)C)OC)CCC1,rand_9
molecule_59,c1ccccc1C[C@H](NC(=O)[C@@H]([C@H]([C@@H]1CCCN1C(C[C@@H](OC)[C@H]([C@@H](C)CC)N(C)C([C@H](C(C)C)NC(=O)C(C)(C)N)=O)=O)OC)C)c1sccn1,rand_10
molecule_60,C1N(C(c2[nH]c3c(OC)c(OC)c(OC)cc3c2)=O)C2=CC(=O)c3[nH]c(C(OC)=O)cc3[C@]23C[C@H]13,rand_1
molecule_60,N1(C(c2[nH]c3c(OC)c(OC)c(OC)cc3c2)=O)C[C@H]2C[C@]23c2cc(C(=O)OC)[nH]c2C(=O)C=C13,rand_2
molecule_60,c1(OC)c2c(cc(OC)c1OC)cc(C(N1C3=CC(=O)c4[nH]c(C(=O)OC)cc4[C@@]34[C@H](C4)C1)=O)[nH]2,rand_3
molecule_60,[C@@H]12[C@@]3(C1)C(=CC(=O)c1[nH]c(C(=O)OC)cc13)N(C(=O)c1[nH]c3c(cc(OC)c(OC)c3OC)c1)C2,rand_4
molecule_60,O(C)c1c(OC)c(OC)cc2c1[nH]c(C(N1C3=CC(=O)c4c(cc(C(OC)=O)[nH]4)[C@@]34[C@H](C4)C1)=O)c2,rand_5
molecule_60,c1c2c(c(OC)c(OC)c1OC)[nH]c(C(=O)N1C3=CC(=O)c4c(cc(C(=O)OC)[nH]4)[C@]34C[C@@H]4C1)c2,rand_6
molecule_60,c1(OC)cc2c([nH]c(C(N3C4=CC(=O)c5[nH]c(C(OC)=O)cc5[C@@]45[C@H](C5)C3)=O)c2)c(OC)c1OC,rand_7
molecule_60,c12c(cc(C(=O)OC)[nH]1)[C@]13C(=CC2=O)N(C(c2[nH]c4c(OC)c(OC)c(OC)cc4c2)=O)C[C@H]1C3,rand_8
molecule_60,C12=CC(=O)c3c(cc(C(OC)=O)[nH]3)[C@@]13[C@H](C3)CN2C(c1[nH]c2c(OC)c(OC)c(OC)cc2c1)=O,rand_9
molecule_60,c12cc(C(OC)=O)[nH]c1C(=O)C=C1N(C(=O)c3[nH]c4c(cc(OC)c(OC)c4OC)c3)C[C@H]3C[C@@]213,rand_10
molecule_61,C(N1C(C(=O)OC)Cc2c3ccccc3[nH]c2C1c1ccc(N)cc1)(=O)CCl,rand_1
molecule_61,O(C)C(=O)C1Cc2c3c(cccc3)[nH]c2C(c2ccc(N)cc2)N1C(CCl)=O,rand_2
molecule_61,c1cc(C2N(C(CCl)=O)C(C(OC)=O)Cc3c4ccccc4[nH]c32)ccc1N,rand_3
molecule_61,c1(N)ccc(C2c3c(c4ccccc4[nH]3)CC(C(=O)OC)N2C(=O)CCl)cc1,rand_4
molecule_61,c1cccc2c1[nH]c1c2CC(C(OC)=O)N(C(CCl)=O)C1c1ccc(N)cc1,rand_5
molecule_61,c12c3ccccc3[nH]c1C(c1ccc(N)cc1)N(C(=O)CCl)C(C(OC)=O)C2,rand_6
molecule_61,C(OC)(=O)C1Cc2c3c(cccc3)[nH]c2C(c2ccc(N)cc2)N1C(CCl)=O,rand_7
molecule_61,N1(C(CCl)=O)C(C(OC)=O)Cc2c([nH]c3c2cccc3)C1c1ccc(N)cc1,rand_8
molecule_61,C1C(C(=O)OC)N(C(=O)CCl)C(c2ccc(N)cc2)c2c1c1c(cccc1)[nH]2,rand_9
molecule_61,c12c(c3ccccc3[nH]1)CC(C(OC)=O)N(C(=O)CCl)C2c1ccc(N)cc1,rand_10
molecule_62,C(=C\[C@@H]([C@H]1OC(=O)C(OC)=CC1)C)(C)/C=C\C=C/C(=O)N[C@@H](C(C)(C)C)C(=O)N/C=C\C[C@H](C/C=C(\C)Cl)OC(=O)N,rand_1
molecule_62,O=C(O[C@@H](C/C=C(/Cl)C)C/C=C\NC(=O)[C@H](C(C)(C)C)NC(=O)/C=C\C=C/C(=C/[C@H](C)[C@H]1OC(=O)C(OC)=CC1)C)N,rand_2
molecule_62,CC(C)([C@H](NC(=O)/C=C\C=C/C(C)=C/[C@@H]([C@@H]1CC=C(OC)C(=O)O1)C)C(N/C=C\C[C@@H](OC(N)=O)C/C=C(\C)Cl)=O)C,rand_3
molecule_62,CC([C@H](NC(=O)/C=C\C=C/C(C)=C/[C@@H]([C@H]1OC(=O)C(OC)=CC1)C)C(N/C=C\C[C@@H](OC(N)=O)C/C=C(/Cl)C)=O)(C)C,rand_4
molecule_62,NC(O[C@H](C/C=C\NC([C@H](C(C)(C)C)NC(=O)/C=C\C=C/C(C)=C/[C@H](C)[C@@H]1CC=C(OC)C(=O)O1)=O)C/C=C(\C)Cl)=O,rand_5
molecule_62,C(/C=C\C(N[C@@H](C(C)(C)C)C(=O)N/C=C\C[C@@H](OC(=O)N)C/C=C(\C)Cl)=O)=C/C(=C/[C@H](C)[C@@H]1CC=C(OC)C(=O)O1)C,rand_6
molecule_62,C(/C=C\NC([C@H](C(C)(C)C)NC(=O)/C=C\C=C/C(=C/[C@H](C)[C@@H]1CC=C(OC)C(=O)O1)C)=O)[C@H](C/C=C(/Cl)C)OC(=O)N,rand_7
molecule_62,C1(=O)O[C@H]([C@@H](C)/C=C(C)/C=C\C=C/C(N[C@@H](C(C)(C)C)C(=O)N/C=C\C[C@@H](OC(N)=O)C/C=C(/Cl)C)=O)CC=C1OC,rand_8
molecule_62,C(O[C@@H](C/C=C(\C)Cl)C/C=C\NC(=O)[C@@H](NC(/C=C\C=C/C(C)=C/[C@H](C)[C@@H]1CC=C(OC)C(=O)O1)=O)C(C)(C)C)(=O)N,rand_9
molecule_62,CC(C)([C@@H](C(=O)N/C=C\C[C@H](C/C=C(\C)Cl)OC(=O)N)NC(=O)/C=C\C=C/C(=C/[C@@H]([C@@H]1CC=C(OC)C(=O)O1)C)C)C,rand_10
molecule_63,c1c2c(ccc1)[nH]c1c2CC2C(=O)NCC(=O)NC(C(C)CC)C(=O)NCC(=O)NC(CS1)C(=O)NC(CC(N)=O)C(=O)N1CC(N)CC1C(=O)NC(C(C(CO)O)C)C(=O)N2,rand_1
molecule_63,C1(CC(N)=O)NC(=O)C2CSc3c(c4c([nH]3)cccc4)CC(C(=O)NCC(=O)NC(C(CC)C)C(=O)NCC(=O)N2)NC(=O)C(C(C(CO)O)C)NC(=O)C2CC(N)CN2C1=O,rand_2
molecule_63,C12C(=O)NC(C(C(O)CO)C)C(=O)NC3Cc4c([nH]c5ccccc54)SCC(C(=O)NC(CC(=O)N)C(=O)N1CC(N)C2)NC(=O)CNC(=O)C(C(CC)C)NC(=O)CNC3=O,rand_3
molecule_63,C1(C(C)CC)C(=O)NCC(=O)NC2CSc3c(c4c([nH]3)cccc4)CC(NC(=O)C(C(C)C(CO)O)NC(=O)C3CC(N)CN3C(=O)C(CC(N)=O)NC2=O)C(=O)NCC(=O)N1,rand_4
molecule_63,O=C1N2CC(N)CC2C(=O)NC(C(C(CO)O)C)C(=O)NC2C(=O)NCC(=O)NC(C(C)CC)C(=O)NCC(=O)NC(C(=O)NC1CC(=O)N)CSc1[nH]c3ccccc3c1C2,rand_5
molecule_63,O=C1NCC(=O)NC2CSc3c(c4ccccc4[nH]3)CC(NC(=O)C(C(C)C(O)CO)NC(=O)C3N(C(=O)C(CC(N)=O)NC2=O)CC(N)C3)C(=O)NCC(=O)NC1C(C)CC,rand_6
molecule_63,c12[nH]c3ccccc3c1CC1C(=O)NCC(=O)NC(C(CC)C)C(=O)NCC(=O)NC(C(=O)NC(CC(=O)N)C(=O)N3CC(N)CC3C(=O)NC(C(C(CO)O)C)C(=O)N1)CS2,rand_7
molecule_63,C(C)C(C1C(=O)NCC(=O)NC2CSc3[nH]c4c(c3CC(NC(=O)C(C(C)C(CO)O)NC(=O)C3CC(N)CN3C(=O)C(CC(N)=O)NC2=O)C(=O)NCC(=O)N1)cccc4)C,rand_8
molecule_63,O=C1C2NC(=O)CNC(=O)C(C(C)CC)NC(=O)CNC(=O)C(Cc3c([nH]c4ccccc34)SC2)NC(=O)C(C(C(CO)O)C)NC(=O)C2N(CC(N)C2)C(=O)C(CC(N)=O)N1,rand_9
molecule_63,c1ccc2c(c1)c1c([nH]2)SCC2NC(=O)CNC(=O)C(C(C)CC)NC(=O)CNC(=O)C(C1)NC(=O)C(C(C(O)CO)C)NC(=O)C1CC(N)CN1C(=O)C(CC(N)=O)NC2=O,rand_10
molecule_64,C1=CC2(C)C(=CC1=O)C(F)CC1C2(F)C(O)CC2C3(C(=O)CO)OC(c4ccc(Sc5cccc(N)c5)cc4)OC3CC12,rand_1
molecule_64,Nc1cccc(Sc2ccc(C3OC4(C(CO)=O)C(CC5C4CC(O)C4(F)C6(C)C=CC(=O)C=C6C(F)CC54)O3)cc2)c1,rand_2
molecule_64,c1c(C2OC3(C(=O)CO)C(O2)CC2C4C(F)(C(O)CC23)C2(C)C=CC(=O)C=C2C(F)C4)ccc(Sc2cc(N)ccc2)c1,rand_3
molecule_64,O1C(c2ccc(Sc3cc(N)ccc3)cc2)OC2CC3C4C(F)(C(O)CC3C12C(CO)=O)C1(C)C(=CC(=O)C=C1)C(F)C4,rand_4
molecule_64,c1c(Sc2ccc(C3OC4(C(=O)CO)C5C(C6C(F)(C7(C)C=CC(=O)C=C7C(F)C6)C(O)C5)CC4O3)cc2)cccc1N,rand_5
molecule_64,C12(F)C(O)CC3C4(C(=O)CO)OC(c5ccc(Sc6cc(N)ccc6)cc5)OC4CC3C1CC(F)C1=CC(=O)C=CC21C,rand_6
molecule_64,c1(Sc2cc(N)ccc2)ccc(C2OC3CC4C(C3(C(CO)=O)O2)CC(O)C2(F)C3(C)C=CC(=O)C=C3C(F)CC42)cc1,rand_7
molecule_64,C1C(O)C2(F)C(C3C1C1(C(CO)=O)C(OC(c4ccc(Sc5cc(N)ccc5)cc4)O1)C3)CC(F)C1=CC(=O)C=CC21C,rand_8
molecule_64,c1(N)cccc(Sc2ccc(C3OC4CC5C6CC(F)C7=CC(=O)C=CC7(C)C6(F)C(O)CC5C4(C(=O)CO)O3)cc2)c1,rand_9
molecule_64,O1C2(C(CO)=O)C(CC3C2CC(O)C2(F)C4(C)C(=CC(=O)C=C4)C(F)CC32)OC1c1ccc(Sc2cccc(N)c2)cc1,rand_10
molecule_65,c1c2c(ccc1)c(OP(O)(=O)O)cc1c2C(CCl)CN1C(=O)/C=C/c1c(O)cc(/C=C/C(N2c3c(c4ccccc4c(OP(O)(O)=O)c3)C(CCl)C2)=O)cc1,rand_1
molecule_65,c1(O)cc(/C=C/C(=O)N2c3cc(OP(=O)(O)O)c4ccccc4c3C(CCl)C2)ccc1/C=C/C(N1CC(CCl)c2c3ccccc3c(OP(=O)(O)O)cc21)=O,rand_2
molecule_65,N1(C(/C=C/c2ccc(/C=C/C(N3CC(CCl)c4c5ccccc5c(OP(=O)(O)O)cc43)=O)cc2O)=O)CC(CCl)c2c1cc(OP(O)(=O)O)c1ccccc21,rand_3
molecule_65,c1(/C=C/C(N2c3cc(OP(O)(O)=O)c4ccccc4c3C(CCl)C2)=O)cc(O)c(/C=C/C(N2c3c(c4c(c(OP(O)(O)=O)c3)cccc4)C(CCl)C2)=O)cc1,rand_4
molecule_65,c12c3c(c(OP(=O)(O)O)cc1N(C(=O)/C=C/c1ccc(/C=C/C(=O)N4c5c(c6ccccc6c(OP(O)(=O)O)c5)C(CCl)C4)cc1O)CC2CCl)cccc3,rand_5
molecule_65,c12ccccc1c(OP(O)(=O)O)cc1c2C(CCl)CN1C(=O)/C=C/c1cc(O)c(/C=C/C(N2c3cc(OP(=O)(O)O)c4c(c3C(CCl)C2)cccc4)=O)cc1,rand_6
molecule_65,P(Oc1c2ccccc2c2c(c1)N(C(/C=C/c1c(O)cc(/C=C/C(N3c4c(c5ccccc5c(OP(=O)(O)O)c4)C(CCl)C3)=O)cc1)=O)CC2CCl)(O)(=O)O,rand_7
molecule_65,C1C(CCl)c2c3ccccc3c(OP(O)(O)=O)cc2N1C(=O)/C=C/c1cc(O)c(/C=C/C(N2c3c(c4ccccc4c(OP(=O)(O)O)c3)C(CCl)C2)=O)cc1,rand_8
molecule_65,c1(/C=C/C(=O)N2CC(CCl)c3c4ccccc4c(OP(O)(=O)O)cc32)ccc(/C=C/C(N2CC(CCl)c3c2cc(OP(O)(O)=O)c2ccccc23)=O)cc1O,rand_9
molecule_65,c1(OP(=O)(O)O)c2c(c3c(c1)N(C(=O)/C=C/c1ccc(/C=C/C(N4c5c(c6ccccc6c(OP(=O)(O)O)c5)C(CCl)C4)=O)cc1O)CC3CCl)cccc2,rand_10
molecule_66,c1c(C2=CN3C(=O)c4cc(OC)c(OCCCOc5cc6c(cc5OC)C(=O)N5C(CC(c7ccc(N8CCN(C)CC8)cc7)=C5)C=N6)cc4N=CC3C2)ccc(N)c1,rand_1
molecule_66,C1C(c2ccc(N)cc2)=CN2C(=O)c3c(cc(OCCCOc4cc5c(cc4OC)C(=O)N4C=C(c6ccc(N7CCN(C)CC7)cc6)CC4C=N5)c(OC)c3)N=CC12,rand_2
molecule_66,C1(c2ccc(N)cc2)=CN2C(C=Nc3cc(OCCCOc4c(OC)cc5c(c4)N=CC4N(C5=O)C=C(c5ccc(N6CCN(C)CC6)cc5)C4)c(OC)cc3C2=O)C1,rand_3
molecule_66,c12cc(OC)c(OCCCOc3cc4c(cc3OC)C(=O)N3C=C(c5ccc(N6CCN(C)CC6)cc5)CC3C=N4)cc1N=CC1N(C2=O)C=C(c2ccc(N)cc2)C1,rand_4
molecule_66,C1CN(C)CCN1c1ccc(C2=CN3C(=O)c4cc(OC)c(OCCCOc5cc6c(cc5OC)C(=O)N5C=C(c7ccc(N)cc7)CC5C=N6)cc4N=CC3C2)cc1,rand_5
molecule_66,COc1cc2c(cc1OCCCOc1cc3c(cc1OC)C(=O)N1C=C(c4ccc(N5CCN(C)CC5)cc4)CC1C=N3)N=CC1CC(c3ccc(N)cc3)=CN1C2=O,rand_6
molecule_66,C1N(c2ccc(C3=CN4C(=O)c5cc(OC)c(OCCCOc6c(OC)cc7c(c6)N=CC6CC(c8ccc(N)cc8)=CN6C7=O)cc5N=CC4C3)cc2)CCN(C)C1,rand_7
molecule_66,O(C)c1c(OCCCOc2cc3c(cc2OC)C(=O)N2C=C(c4ccc(N5CCN(C)CC5)cc4)CC2C=N3)cc2c(c1)C(=O)N1C=C(c3ccc(N)cc3)CC1C=N2,rand_8
molecule_66,CN1CCN(c2ccc(C3=CN4C(=O)c5cc(OC)c(OCCCOc6cc7c(cc6OC)C(=O)N6C(CC(c8ccc(N)cc8)=C6)C=N7)cc5N=CC4C3)cc2)CC1,rand_9
molecule_66,C1N(c2ccc(C3=CN4C(=O)c5cc(OC)c(OCCCOc6c(OC)cc7c(c6)N=CC6CC(c8ccc(N)cc8)=CN6C7=O)cc5N=CC4C3)cc2)CCN(C)C1,rand_10
molecule_67,c1(F)ccccc1CC(C(O)=O)NC(=O)C(C)C(C1CC2C(C2)N1C(CC(OC)C(C(C)CC)N(C(=O)C(NC(=O)C(NC)C(C)C)C(C)C)C)=O)OC,rand_1
molecule_67,C(C(Cc1c(F)cccc1)NC(=O)C(C)C(OC)C1CC2C(N1C(CC(OC)C(N(C(C(C(C)C)NC(=O)C(C(C)C)NC)=O)C)C(CC)C)=O)C2)(=O)O,rand_2
molecule_67,C12CC(C(C(C(NC(C(=O)O)Cc3c(F)cccc3)=O)C)OC)N(C(CC(OC)C(N(C(=O)C(C(C)C)NC(C(C(C)C)NC)=O)C)C(CC)C)=O)C1C2,rand_3
molecule_67,C(N(C)C(C(NC(=O)C(C(C)C)NC)C(C)C)=O)(C(C)CC)C(CC(N1C(C(OC)C(C(NC(Cc2ccccc2F)C(O)=O)=O)C)CC2CC21)=O)OC,rand_4
molecule_67,COC(C(C)C(=O)NC(Cc1ccccc1F)C(=O)O)C1CC2C(C2)N1C(CC(C(C(C)CC)N(C(=O)C(C(C)C)NC(C(NC)C(C)C)=O)C)OC)=O,rand_5
molecule_67,CC(C(C(N(C)C(C(CC(=O)N1C(C(C(C)C(=O)NC(Cc2c(F)cccc2)C(O)=O)OC)CC2CC21)OC)C(C)CC)=O)NC(=O)C(C(C)C)NC)C,rand_6
molecule_67,N(C(C(C(OC)C1CC2C(N1C(CC(OC)C(N(C)C(C(NC(C(NC)C(C)C)=O)C(C)C)=O)C(CC)C)=O)C2)C)=O)C(C(O)=O)Cc1c(F)cccc1,rand_7
molecule_67,COC(CC(N1C(C(OC)C(C)C(NC(C(=O)O)Cc2c(F)cccc2)=O)CC2CC21)=O)C(N(C(=O)C(C(C)C)NC(=O)C(NC)C(C)C)C)C(CC)C,rand_8
molecule_67,C(CC(C(C(C)CC)N(C(C(NC(=O)C(C(C)C)NC)C(C)C)=O)C)OC)(=O)N1C(C(OC)C(C(=O)NC(C(O)=O)Cc2c(F)cccc2)C)CC2CC12,rand_9
molecule_67,C(=O)(C(C)C(C1CC2C(C2)N1C(CC(OC)C(C(C)CC)N(C(C(NC(C(C(C)C)NC)=O)C(C)C)=O)C)=O)OC)NC(C(O)=O)Cc1ccccc1F,rand_10
molecule_68,c12c3c([nH]c1cccc2)SCC1C(=O)NC(CC(N)=O)C(=O)N2CC(O)CC2C(=O)NC(C(C(CO)O)C)C(=O)NC(CNCC(=O)NC(C(C)CC)C(=O)CNCC(=O)N1)C3,rand_1
molecule_68,C1(CC(N)=O)NC(=O)C2CSc3c(c4c(cccc4)[nH]3)CC(CNCC(=O)NC(C(CC)C)C(=O)CNCC(=O)N2)NC(=O)C(C(C(CO)O)C)NC(=O)C2CC(O)CN2C1=O,rand_2
molecule_68,C12C(=O)NC(C(C(O)CO)C)C(=O)NC3Cc4c([nH]c5ccccc45)SCC(C(=O)NC(CC(=O)N)C(=O)N1CC(O)C2)NC(=O)CNCC(=O)C(C(CC)C)NC(=O)CNC3,rand_3
molecule_68,C1(C(C)CC)C(=O)CNCC(=O)NC2C(=O)NC(CC(N)=O)C(=O)N3C(CC(O)C3)C(=O)NC(C(C)C(CO)O)C(=O)NC(Cc3c([nH]c4ccccc43)SC2)CNCC(=O)N1,rand_4
molecule_68,O=C1N2CC(O)CC2C(=O)NC(C(C(CO)O)C)C(=O)NC2CNCC(=O)NC(C(C)CC)C(=O)CNCC(=O)NC(CSc3c(c4ccccc4[nH]3)C2)C(=O)NC1CC(=O)N,rand_5
molecule_68,O=C1CNCC(=O)NC2CSc3c(c4c(cccc4)[nH]3)CC(NC(=O)C(C(C)C(O)CO)NC(=O)C3N(C(=O)C(CC(N)=O)NC2=O)CC(O)C3)CNCC(=O)NC1C(C)CC,rand_6
molecule_68,[nH]1c2c(c3c1SCC1C(=O)NC(CC(=O)N)C(=O)N4CC(O)CC4C(=O)NC(C(C(CO)O)C)C(=O)NC(CNCC(=O)NC(C(CC)C)C(=O)CNCC(=O)N1)C3)cccc2,rand_7
molecule_68,C(C)C(C1C(=O)CNCC(=O)NC2CSc3[nH]c4ccccc4c3CC(NC(=O)C(C(C)C(CO)O)NC(=O)C3CC(O)CN3C(=O)C(CC(N)=O)NC2=O)CNCC(=O)N1)C,rand_8
molecule_68,O=C1NC(CC(N)=O)C(=O)N2C(CC(O)C2)C(=O)NC(C(C(CO)O)C)C(=O)NC2Cc3c([nH]c4ccccc34)SCC1NC(=O)CNCC(=O)C(C(C)CC)NC(=O)CNC2,rand_9
molecule_68,c1cccc2c1c1c([nH]2)SCC2C(=O)NC(CC(N)=O)C(=O)N3CC(O)CC3C(=O)NC(C(C(O)CO)C)C(=O)NC(CNCC(=O)NC(C(C)CC)C(=O)CNCC(=O)N2)C1,rand_10
molecule_69,C(n1c(CCCC)nc2c(N)nc3c(cccc3)c12)c1ccc(N)cc1,rand_1
molecule_69,c1c(N)ccc(Cn2c3c(nc2CCCC)c(N)nc2ccccc32)c1,rand_2
molecule_69,C(n1c2c3ccccc3nc(N)c2nc1CCCC)c1ccc(N)cc1,rand_3
molecule_69,c1c(N)ccc(Cn2c3c(c(N)nc4ccccc34)nc2CCCC)c1,rand_4
molecule_69,c1(N)ccc(Cn2c(CCCC)nc3c(N)nc4ccccc4c23)cc1,rand_5
molecule_69,CCCCc1nc2c(N)nc3ccccc3c2n1Cc1ccc(N)cc1,rand_6
molecule_69,c1cc2nc(N)c3nc(CCCC)n(Cc4ccc(N)cc4)c3c2cc1,rand_7
molecule_69,C(c1ccc(N)cc1)n1c(CCCC)nc2c(N)nc3c(cccc3)c21,rand_8
molecule_69,n1c(CCCC)n(Cc2ccc(N)cc2)c2c3c(nc(N)c12)cccc3,rand_9
molecule_69,c1(Cn2c3c(nc2CCCC)c(N)nc2ccccc23)ccc(N)cc1,rand_10
molecule_70,C1=CC2(C)C(=CC1=O)CCC1C2(F)C(O)CC2C3(C(=O)CO)OC(c4ccc(Sc5cccc(N)c5)cc4)OC3CC12,rand_1
molecule_70,c1c(N)cccc1Sc1ccc(C2OC3CC4C5CCC6=CC(=O)C=CC6(C)C5(F)C(O)CC4C3(C(=O)CO)O2)cc1,rand_2
molecule_70,O1C2(C(CO)=O)C(OC1c1ccc(Sc3cc(N)ccc3)cc1)CC1C2CC(O)C2(F)C3(C)C=CC(=O)C=C3CCC21,rand_3
molecule_70,C12(C(CO)=O)C(CC3C4C(F)(C(O)CC13)C1(C)C(=CC(=O)C=C1)CC4)OC(c1ccc(Sc3cc(N)ccc3)cc1)O2,rand_4
molecule_70,c1cc(C2OC3(C(CO)=O)C4CC(O)C5(F)C(C4CC3O2)CCC2=CC(=O)C=CC52C)ccc1Sc1cccc(N)c1,rand_5
molecule_70,C1=C2CCC3C(F)(C(O)CC4C5(C(=O)CO)OC(c6ccc(Sc7cccc(N)c7)cc6)OC5CC43)C2(C)C=CC1=O,rand_6
molecule_70,c1cc(C2OC3(C(CO)=O)C4C(CC3O2)C2CCC3=CC(=O)C=CC3(C)C2(F)C(O)C4)ccc1Sc1cccc(N)c1,rand_7
molecule_70,C1C(O)C2(F)C3(C)C(=CC(=O)C=C3)CCC2C2CC3C(C(CO)=O)(OC(c4ccc(Sc5cccc(N)c5)cc4)O3)C12,rand_8
molecule_70,Nc1cccc(Sc2ccc(C3OC4CC5C(CC(O)C6(F)C5CCC5=CC(=O)C=CC56C)C4(C(CO)=O)O3)cc2)c1,rand_9
molecule_70,O1C2(C(CO)=O)C(CC3C4C(F)(C5(C)C(=CC(=O)C=C5)CC4)C(O)CC23)OC1c1ccc(Sc2cc(N)ccc2)cc1,rand_10
molecule_71,C(C)(C)C(C(=O)NC(CCCNC(N)=O)C(Nc1ccc(CO)cc1)=O)NC(=O)OCCN(S(NC(OCCOCCNS(=O)(NC(OCC1C2CCC#CCCC21)=O)=O)=O)(=O)=O)CCOC(NC(C(=O)NC(CCCNC(N)=O)C(Nc1ccc(CO)cc1)=O)C(C)C)=O,rand_1
molecule_71,C(c1ccc(NC(C(NC(=O)C(NC(OCCN(CCOC(=O)NC(C(=O)NC(C(Nc2ccc(CO)cc2)=O)CCCNC(=O)N)C(C)C)S(=O)(=O)NC(=O)OCCOCCNS(NC(OCC2C3CCC#CCCC32)=O)(=O)=O)=O)C(C)C)CCCNC(=O)N)=O)cc1)O,rand_2
molecule_71,O=S(NCCOCCOC(NS(=O)(=O)N(CCOC(=O)NC(C(NC(CCCNC(=O)N)C(=O)Nc1ccc(CO)cc1)=O)C(C)C)CCOC(NC(C(C)C)C(NC(C(Nc1ccc(CO)cc1)=O)CCCNC(N)=O)=O)=O)=O)(=O)NC(=O)OCC1C2CCC#CCCC21,rand_3
molecule_71,N(C(N)=O)CCCC(NC(=O)C(NC(OCCN(S(=O)(=O)NC(=O)OCCOCCNS(NC(=O)OCC1C2CCC#CCCC21)(=O)=O)CCOC(NC(C(NC(C(Nc1ccc(CO)cc1)=O)CCCNC(N)=O)=O)C(C)C)=O)=O)C(C)C)C(Nc1ccc(CO)cc1)=O,rand_4
molecule_71,C(C(C(NC(CCCNC(=O)N)C(Nc1ccc(CO)cc1)=O)=O)NC(OCCN(S(=O)(NC(=O)OCCOCCNS(=O)(NC(OCC1C2CCC#CCCC21)=O)=O)=O)CCOC(=O)NC(C(C)C)C(=O)NC(C(=O)Nc1ccc(CO)cc1)CCCNC(=O)N)=O)(C)C,rand_5
molecule_71,N(CCOCCOC(NS(=O)(=O)N(CCOC(=O)NC(C(C)C)C(=O)NC(CCCNC(=O)N)C(=O)Nc1ccc(CO)cc1)CCOC(NC(C(NC(C(=O)Nc1ccc(CO)cc1)CCCNC(N)=O)=O)C(C)C)=O)=O)S(NC(=O)OCC1C2C1CCC#CCC2)(=O)=O,rand_6
molecule_71,N(C(C(C(C)C)NC(=O)OCCN(S(=O)(NC(OCCOCCNS(NC(OCC1C2CCC#CCCC12)=O)(=O)=O)=O)=O)CCOC(NC(C(C)C)C(=O)NC(C(Nc1ccc(CO)cc1)=O)CCCNC(N)=O)=O)=O)C(CCCNC(N)=O)C(=O)Nc1ccc(CO)cc1,rand_7
molecule_71,C(CCC(C(=O)Nc1ccc(CO)cc1)NC(C(C(C)C)NC(=O)OCCN(S(=O)(NC(OCCOCCNS(=O)(=O)NC(OCC1C2CCC#CCCC12)=O)=O)=O)CCOC(=O)NC(C(C)C)C(NC(CCCNC(N)=O)C(Nc1ccc(CO)cc1)=O)=O)=O)NC(=O)N,rand_8
molecule_71,O=C(OCCN(S(NC(=O)OCCOCCNS(=O)(=O)NC(=O)OCC1C2CCC#CCCC21)(=O)=O)CCOC(=O)NC(C(NC(C(Nc1ccc(CO)cc1)=O)CCCNC(=O)N)=O)C(C)C)NC(C(NC(CCCNC(=O)N)C(Nc1ccc(CO)cc1)=O)=O)C(C)C,rand_9
molecule_71,c1c(CO)ccc(NC(C(NC(=O)C(NC(OCCN(S(=O)(NC(=O)OCCOCCNS(=O)(NC(=O)OCC2C3CCC#CCCC32)=O)=O)CCOC(=O)NC(C(C)C)C(NC(CCCNC(=O)N)C(Nc2ccc(CO)cc2)=O)=O)=O)C(C)C)CCCNC(N)=O)=O)c1,rand_10
molecule_72,O=C(N)CCC(S)C,rand_1
molecule_72,C(CC(S)C)C(N)=O,rand_2
molecule_72,C(=O)(CCC(C)S)N,rand_3
molecule_72,C(CC(C)S)C(=O)N,rand_4
molecule_72,O=C(CCC(S)C)N,rand_5
molecule_72,CC(CCC(N)=O)S,rand_6
molecule_72,SC(C)CCC(N)=O,rand_7
molecule_72,O=C(N)CCC(C)S,rand_8
molecule_72,O=C(CCC(S)C)N,rand_9
molecule_72,SC(CCC(N)=O)C,rand_10
molecule_73,O(CCOCCOCCNC(=O)CCN1C(=O)C=CC1=O)CCOCCOCCOCCOCCOCCC(=O)N[C@@H](C(C)C)C(N[C@H](C(=O)Nc1ccc(CO)cc1)C)=O,rand_1
molecule_73,C(COCCOCCOCCOCCC(N[C@@H](C(C)C)C(N[C@@H](C)C(Nc1ccc(CO)cc1)=O)=O)=O)OCCOCCOCCOCCNC(=O)CCN1C(=O)C=CC1=O,rand_2
molecule_73,C(CNC(CCN1C(=O)C=CC1=O)=O)OCCOCCOCCOCCOCCOCCOCCOCCC(=O)N[C@@H](C(C)C)C(N[C@H](C(Nc1ccc(CO)cc1)=O)C)=O,rand_3
molecule_73,N(C(=O)[C@@H](NC([C@@H](NC(=O)CCOCCOCCOCCOCCOCCOCCOCCOCCNC(CCN1C(=O)C=CC1=O)=O)C(C)C)=O)C)c1ccc(CO)cc1,rand_4
molecule_73,C(COCCOCCOCCOCCOCCOCCOCCC(=O)N[C@@H](C(C)C)C(N[C@H](C(=O)Nc1ccc(CO)cc1)C)=O)OCCNC(CCN1C(=O)C=CC1=O)=O,rand_5
molecule_73,C(OCCOCCOCCC(=O)N[C@H](C(N[C@@H](C)C(=O)Nc1ccc(CO)cc1)=O)C(C)C)COCCOCCOCCOCCOCCNC(CCN1C(=O)C=CC1=O)=O,rand_6
molecule_73,C(COCCOCCOCCOCCOCCOCCOCCC(N[C@@H](C(C)C)C(N[C@H](C(=O)Nc1ccc(CO)cc1)C)=O)=O)OCCNC(CCN1C(=O)C=CC1=O)=O,rand_7
molecule_73,[C@H](C)(C(Nc1ccc(CO)cc1)=O)NC([C@H](C(C)C)NC(CCOCCOCCOCCOCCOCCOCCOCCOCCNC(CCN1C(=O)C=CC1=O)=O)=O)=O,rand_8
molecule_73,O(CCOCCOCCOCCOCCNC(=O)CCN1C(=O)C=CC1=O)CCOCCOCCOCCC(N[C@H](C(=O)N[C@H](C(=O)Nc1ccc(CO)cc1)C)C(C)C)=O,rand_9
molecule_73,N(C(CCOCCOCCOCCOCCOCCOCCOCCOCCNC(=O)CCN1C(=O)C=CC1=O)=O)[C@@H](C(C)C)C(N[C@H](C(=O)Nc1ccc(CO)cc1)C)=O,rand_10
molecule_74,c1c(C[C@H](NC(=O)CNC(CNC(=O)CCCCCN2C(=O)C=CC2=O)=O)C(NCC(O)=O)=O)cccc1,rand_1
molecule_74,O=C(NCC(=O)O)[C@H](Cc1ccccc1)NC(=O)CNC(=O)CNC(=O)CCCCCN1C(=O)C=CC1=O,rand_2
molecule_74,c1ccccc1C[C@H](NC(CNC(CNC(CCCCCN1C(=O)C=CC1=O)=O)=O)=O)C(=O)NCC(=O)O,rand_3
molecule_74,O=C(N[C@@H](Cc1ccccc1)C(NCC(=O)O)=O)CNC(=O)CNC(CCCCCN1C(=O)C=CC1=O)=O,rand_4
molecule_74,c1(C[C@H](NC(CNC(CNC(=O)CCCCCN2C(=O)C=CC2=O)=O)=O)C(NCC(=O)O)=O)ccccc1,rand_5
molecule_74,C(CCC(NCC(NCC(=O)N[C@@H](Cc1ccccc1)C(=O)NCC(O)=O)=O)=O)CCN1C(=O)C=CC1=O,rand_6
molecule_74,O=C([C@@H](NC(CNC(=O)CNC(CCCCCN1C(=O)C=CC1=O)=O)=O)Cc1ccccc1)NCC(=O)O,rand_7
molecule_74,N1(CCCCCC(=O)NCC(=O)NCC(N[C@@H](Cc2ccccc2)C(=O)NCC(O)=O)=O)C(=O)C=CC1=O,rand_8
molecule_74,N(C(=O)CNC(=O)CCCCCN1C(=O)C=CC1=O)CC(=O)N[C@H](C(=O)NCC(=O)O)Cc1ccccc1,rand_9
molecule_74,C(NCC(=O)NCC(=O)N[C@@H](Cc1ccccc1)C(NCC(=O)O)=O)(CCCCCN1C(=O)C=CC1=O)=O,rand_10
molecule_75,[C@H](C(N[C@H](C(Nc1ccc(CO)cc1)=O)CCCNC(N)=O)=O)(NC(=O)CCCCCN1C(=O)C=CC1=O)C(C)C,rand_1
molecule_75,C(CCCCCN1C(=O)C=CC1=O)(=O)N[C@@H](C(C)C)C(N[C@@H](CCCNC(N)=O)C(Nc1ccc(CO)cc1)=O)=O,rand_2
molecule_75,C(CC(=O)N[C@H](C(=O)N[C@H](C(=O)Nc1ccc(CO)cc1)CCCNC(=O)N)C(C)C)CCCN1C(=O)C=CC1=O,rand_3
molecule_75,C1(=O)N(CCCCCC(=O)N[C@H](C(N[C@H](C(=O)Nc2ccc(CO)cc2)CCCNC(=O)N)=O)C(C)C)C(=O)C=C1,rand_4
molecule_75,c1cc(NC([C@@H](NC([C@@H](NC(=O)CCCCCN2C(=O)C=CC2=O)C(C)C)=O)CCCNC(=O)N)=O)ccc1CO,rand_5
molecule_75,N([C@@H](CCCNC(N)=O)C(Nc1ccc(CO)cc1)=O)C([C@@H](NC(=O)CCCCCN1C(=O)C=CC1=O)C(C)C)=O,rand_6
molecule_75,C(CNC(=O)N)C[C@@H](C(Nc1ccc(CO)cc1)=O)NC(=O)[C@H](C(C)C)NC(CCCCCN1C(=O)C=CC1=O)=O,rand_7
molecule_75,O=C1N(CCCCCC(=O)N[C@@H](C(C)C)C(N[C@H](C(Nc2ccc(CO)cc2)=O)CCCNC(N)=O)=O)C(=O)C=C1,rand_8
molecule_75,c1cc(NC(=O)[C@H](CCCNC(=O)N)NC(=O)[C@@H](NC(CCCCCN2C(=O)C=CC2=O)=O)C(C)C)ccc1CO,rand_9
molecule_75,C(CCCN1C(=O)C=CC1=O)CC(N[C@@H](C(C)C)C(=O)N[C@@H](CCCNC(=O)N)C(Nc1ccc(CO)cc1)=O)=O,rand_10
molecule_76,c1(SSCCCC(ON2C(=O)CCC2=O)=O)ccccn1,rand_1
molecule_76,C(CCSSc1ccccn1)C(=O)ON1C(=O)CCC1=O,rand_2
molecule_76,c1cccc(SSCCCC(ON2C(=O)CCC2=O)=O)n1,rand_3
molecule_76,c1cccc(SSCCCC(ON2C(=O)CCC2=O)=O)n1,rand_4
molecule_76,C1(=O)CCC(=O)N1OC(CCCSSc1ncccc1)=O,rand_5
molecule_76,c1cnc(SSCCCC(ON2C(=O)CCC2=O)=O)cc1,rand_6
molecule_76,C1C(=O)N(OC(CCCSSc2ncccc2)=O)C(=O)C1,rand_7
molecule_76,O=C1N(OC(CCCSSc2ccccn2)=O)C(=O)CC1,rand_8
molecule_76,N1(OC(=O)CCCSSc2ccccn2)C(=O)CCC1=O,rand_9
molecule_76,S(SCCCC(ON1C(=O)CCC1=O)=O)c1ncccc1,rand_10
molecule_77,C(N(C(C(NC(C(C)C)C(N(C)C(C(C)CC)C(OC)CC(=O)N1CCCC1C(C(C(NC(C)C(c1ccccc1)O)=O)C)OC)=O)=O)C(C)C)C)(=O)OCc1ccc(NC(=O)C(NC(=O)C(C(C)C)NC(=O)CCOCCOCCOCCOCCOCCNC(CCC(=O)N2c3ccccc3C#Cc3ccccc3C2)=O)CCCNC(N)=O)cc1,rand_1
molecule_77,C(C)(C)C(C(=O)N(C)C(C(C)CC)C(CC(N1C(C(C(C)C(NC(C(O)c2ccccc2)C)=O)OC)CCC1)=O)OC)NC(=O)C(N(C(OCc1ccc(NC(C(CCCNC(N)=O)NC(C(NC(=O)CCOCCOCCOCCOCCOCCNC(=O)CCC(=O)N2c3ccccc3C#Cc3c(cccc3)C2)C(C)C)=O)=O)cc1)=O)C)C(C)C,rand_2
molecule_77,C(C(NC(C(C)C)C(N(C)C(C(CC(=O)N1C(C(C(C)C(=O)NC(C)C(O)c2ccccc2)OC)CCC1)OC)C(CC)C)=O)=O)(N(C)C(OCc1ccc(NC(=O)C(NC(C(C(C)C)NC(=O)CCOCCOCCOCCOCCOCCNC(CCC(N2c3c(cccc3)C#Cc3ccccc3C2)=O)=O)=O)CCCNC(N)=O)cc1)=O)C(C)C,rand_3
molecule_77,C1(C(OC)C(C(=O)NC(C(O)c2ccccc2)C)C)CCCN1C(CC(C(C(C)CC)N(C)C(=O)C(C(C)C)NC(=O)C(C(C)C)N(C)C(=O)OCc1ccc(NC(C(CCCNC(N)=O)NC(C(NC(CCOCCOCCOCCOCCOCCNC(=O)CCC(N2c3ccccc3C#Cc3c(cccc3)C2)=O)=O)C(C)C)=O)=O)cc1)OC)=O,rand_4
molecule_77,C(C(CCCNC(=O)N)NC(=O)C(C(C)C)NC(CCOCCOCCOCCOCCOCCNC(CCC(N1c2c(cccc2)C#Cc2ccccc2C1)=O)=O)=O)(Nc1ccc(COC(=O)N(C(C(C)C)C(NC(C(=O)N(C)C(C(C)CC)C(CC(N2CCCC2C(C(C(=O)NC(C)C(c2ccccc2)O)C)OC)=O)OC)C(C)C)=O)C)cc1)=O,rand_5
molecule_77,CC(NC(=O)C(C(C1N(C(CC(OC)C(N(C(C(NC(C(N(C)C(OCc2ccc(NC(=O)C(CCCNC(N)=O)NC(C(NC(CCOCCOCCOCCOCCOCCNC(=O)CCC(N3c4c(cccc4)C#Cc4c(cccc4)C3)=O)=O)C(C)C)=O)cc2)=O)C(C)C)=O)C(C)C)=O)C)C(C)CC)=O)CCC1)OC)C)C(c1ccccc1)O,rand_6
molecule_77,NC(=O)NCCCC(C(=O)Nc1ccc(COC(=O)N(C(C(=O)NC(C(C)C)C(=O)N(C)C(C(OC)CC(N2C(C(OC)C(C)C(=O)NC(C(c3ccccc3)O)C)CCC2)=O)C(C)CC)C(C)C)C)cc1)NC(C(NC(CCOCCOCCOCCOCCOCCNC(CCC(N1c2ccccc2C#Cc2ccccc2C1)=O)=O)=O)C(C)C)=O,rand_7
molecule_77,C(N(C)C(=O)C(C(C)C)NC(=O)C(N(C)C(OCc1ccc(NC(=O)C(CCCNC(N)=O)NC(=O)C(C(C)C)NC(=O)CCOCCOCCOCCOCCOCCNC(CCC(=O)N2Cc3ccccc3C#Cc3ccccc32)=O)cc1)=O)C(C)C)(C(CC)C)C(OC)CC(N1CCCC1C(C(C(NC(C(O)c1ccccc1)C)=O)C)OC)=O,rand_8
molecule_77,C(CNC(=O)N)CC(NC(C(NC(=O)CCOCCOCCOCCOCCOCCNC(CCC(N1Cc2ccccc2C#Cc2ccccc21)=O)=O)C(C)C)=O)C(=O)Nc1ccc(COC(N(C(C(C)C)C(NC(C(N(C)C(C(C)CC)C(CC(=O)N2CCCC2C(C(C(NC(C)C(c2ccccc2)O)=O)C)OC)OC)=O)C(C)C)=O)C)=O)cc1,rand_9
molecule_77,C(CC(NC(C(NC(CCOCCOCCOCCOCCOCCNC(CCC(=O)N1Cc2ccccc2C#Cc2ccccc21)=O)=O)C(C)C)=O)C(Nc1ccc(COC(N(C)C(C(C)C)C(NC(C(C)C)C(=O)N(C)C(C(CC)C)C(OC)CC(=O)N2CCCC2C(C(C(=O)NC(C(c2ccccc2)O)C)C)OC)=O)=O)cc1)=O)CNC(=O)N,rand_10
molecule_78,O=C1N(OC(CCSSc2ncccc2)=O)C(=O)CC1,rand_1
molecule_78,S(CCC(=O)ON1C(=O)CCC1=O)Sc1ncccc1,rand_2
molecule_78,c1(SSCCC(ON2C(=O)CCC2=O)=O)ccccn1,rand_3
molecule_78,n1ccccc1SSCCC(=O)ON1C(=O)CCC1=O,rand_4
molecule_78,C1(=O)CCC(=O)N1OC(CCSSc1ncccc1)=O,rand_5
molecule_78,c1cnc(SSCCC(ON2C(=O)CCC2=O)=O)cc1,rand_6
molecule_78,C1C(=O)N(OC(CCSSc2ncccc2)=O)C(=O)C1,rand_7
molecule_78,O(N1C(=O)CCC1=O)C(CCSSc1ccccn1)=O,rand_8
molecule_78,O=C1N(OC(=O)CCSSc2ccccn2)C(=O)CC1,rand_9
molecule_78,O(C(CCSSc1ncccc1)=O)N1C(=O)CCC1=O,rand_10
molecule_79,C(CCCCN1C(=O)C=CC1=O)C(O)=O,rand_1
molecule_79,C1=CC(=O)N(CCCCCC(=O)O)C1=O,rand_2
molecule_79,C1=CC(=O)N(CCCCCC(O)=O)C1=O,rand_3
molecule_79,C1=CC(=O)N(CCCCCC(=O)O)C1=O,rand_4
molecule_79,C(CCC(O)=O)CCN1C(=O)C=CC1=O,rand_5
molecule_79,C1=CC(=O)N(CCCCCC(O)=O)C1=O,rand_6
molecule_79,N1(CCCCCC(O)=O)C(=O)C=CC1=O,rand_7
molecule_79,C(CN1C(=O)C=CC1=O)CCCC(O)=O,rand_8
molecule_79,C1(=O)N(CCCCCC(O)=O)C(=O)C=C1,rand_9
molecule_79,C(C(O)=O)CCCCN1C(=O)C=CC1=O,rand_10
molecule_80,O=C1N(CC2CCC(C(ON3C(=O)CCC3=O)=O)CC2)C(=O)C=C1,rand_1
molecule_80,C1C(=O)N(OC(C2CCC(CN3C(=O)C=CC3=O)CC2)=O)C(=O)C1,rand_2
molecule_80,C1(=O)N(OC(=O)C2CCC(CN3C(=O)C=CC3=O)CC2)C(=O)CC1,rand_3
molecule_80,C1(=O)CCC(=O)N1OC(C1CCC(CN2C(=O)C=CC2=O)CC1)=O,rand_4
molecule_80,C1C(=O)N(OC(C2CCC(CN3C(=O)C=CC3=O)CC2)=O)C(=O)C1,rand_5
molecule_80,C1C(=O)N(OC(C2CCC(CN3C(=O)C=CC3=O)CC2)=O)C(=O)C1,rand_6
molecule_80,C1C(C(ON2C(=O)CCC2=O)=O)CCC(CN2C(=O)C=CC2=O)C1,rand_7
molecule_80,C(N1C(=O)C=CC1=O)C1CCC(C(=O)ON2C(=O)CCC2=O)CC1,rand_8
molecule_80,C1C(CN2C(=O)C=CC2=O)CCC(C(ON2C(=O)CCC2=O)=O)C1,rand_9
molecule_80,C1(CN2C(=O)C=CC2=O)CCC(C(ON2C(=O)CCC2=O)=O)CC1,rand_10
molecule_81,C(C(N(c1ccc(CO)cc1)C(C(=O)N)CCCNC(=O)N)=O)(NC(CCOCCOCCN1C(=O)C=CC1=O)=O)C(C)C,rand_1
molecule_81,C(C(=O)NC(C(C)C)C(N(c1ccc(CO)cc1)C(CCCNC(=O)N)C(N)=O)=O)COCCOCCN1C(=O)C=CC1=O,rand_2
molecule_81,O(CCC(=O)NC(C(N(C(CCCNC(N)=O)C(N)=O)c1ccc(CO)cc1)=O)C(C)C)CCOCCN1C(=O)C=CC1=O,rand_3
molecule_81,O(CCOCCN1C(=O)C=CC1=O)CCC(=O)NC(C(N(C(CCCNC(N)=O)C(N)=O)c1ccc(CO)cc1)=O)C(C)C,rand_4
molecule_81,C(COCCOCCN1C(=O)C=CC1=O)C(NC(C(N(C(C(N)=O)CCCNC(N)=O)c1ccc(CO)cc1)=O)C(C)C)=O,rand_5
molecule_81,C(OCCOCCN1C(=O)C=CC1=O)CC(=O)NC(C(N(c1ccc(CO)cc1)C(C(=O)N)CCCNC(=O)N)=O)C(C)C,rand_6
molecule_81,C(=O)(N)NCCCC(N(c1ccc(CO)cc1)C(=O)C(C(C)C)NC(CCOCCOCCN1C(=O)C=CC1=O)=O)C(=O)N,rand_7
molecule_81,C1(=O)C=CC(=O)N1CCOCCOCCC(=O)NC(C(C)C)C(N(c1ccc(CO)cc1)C(CCCNC(N)=O)C(N)=O)=O,rand_8
molecule_81,O=C1C=CC(=O)N1CCOCCOCCC(NC(C(N(c1ccc(CO)cc1)C(C(N)=O)CCCNC(=O)N)=O)C(C)C)=O,rand_9
molecule_81,N(C(CCOCCOCCN1C(=O)C=CC1=O)=O)C(C(C)C)C(N(c1ccc(CO)cc1)C(C(=O)N)CCCNC(=O)N)=O,rand_10
molecule_82,c1c(SSC(COC(Nc2ccc(CCl)cc2)=O)C)ncc([N+](=O)[O-])c1,rand_1
molecule_82,c1c([N+]([O-])=O)ccc(SSC(C)COC(Nc2ccc(CCl)cc2)=O)n1,rand_2
molecule_82,c1c(SSC(COC(Nc2ccc(CCl)cc2)=O)C)ncc([N+]([O-])=O)c1,rand_3
molecule_82,c1c([N+](=O)[O-])ccc(SSC(C)COC(Nc2ccc(CCl)cc2)=O)n1,rand_4
molecule_82,O=[N+](c1ccc(SSC(COC(=O)Nc2ccc(CCl)cc2)C)nc1)[O-],rand_5
molecule_82,CC(COC(=O)Nc1ccc(CCl)cc1)SSc1ccc([N+]([O-])=O)cn1,rand_6
molecule_82,ClCc1ccc(NC(=O)OCC(C)SSc2ncc([N+]([O-])=O)cc2)cc1,rand_7
molecule_82,c1cc([N+]([O-])=O)cnc1SSC(C)COC(Nc1ccc(CCl)cc1)=O,rand_8
molecule_82,O=C(OCC(SSc1ccc([N+]([O-])=O)cn1)C)Nc1ccc(CCl)cc1,rand_9
molecule_82,c1c([N+]([O-])=O)cnc(SSC(COC(=O)Nc2ccc(CCl)cc2)C)c1,rand_10
molecule_83,C(C(NC(=O)C(C)NC(CCNC(=O)/C=C/C(O)=O)=O)C)(O)=O,rand_1
molecule_83,C(=O)(C(C)NC(=O)C(C)NC(=O)CCNC(=O)/C=C/C(O)=O)O,rand_2
molecule_83,O=C(C(NC(=O)C(C)NC(=O)CCNC(/C=C/C(O)=O)=O)C)O,rand_3
molecule_83,O=C(O)C(C)NC(=O)C(C)NC(CCNC(/C=C/C(=O)O)=O)=O,rand_4
molecule_83,OC(=O)/C=C/C(NCCC(NC(C)C(NC(C(O)=O)C)=O)=O)=O,rand_5
molecule_83,C(C(NC(C(NC(=O)CCNC(=O)/C=C/C(=O)O)C)=O)C)(=O)O,rand_6
molecule_83,C(NC(C(C)NC(CCNC(=O)/C=C/C(=O)O)=O)=O)(C(O)=O)C,rand_7
molecule_83,CC(NC(CCNC(=O)/C=C/C(O)=O)=O)C(=O)NC(C)C(O)=O,rand_8
molecule_83,O=C(C(NC(=O)CCNC(/C=C/C(=O)O)=O)C)NC(C)C(O)=O,rand_9
molecule_83,C(NC(CCNC(=O)/C=C/C(=O)O)=O)(C(NC(C(=O)O)C)=O)C,rand_10
molecule_84,c1ccc(SSC(CCC(ON2C(=O)CCC2=O)=O)C)nc1,rand_1
molecule_84,C1(=O)N(OC(CCC(C)SSc2ccccn2)=O)C(=O)CC1,rand_2
molecule_84,c1cccc(SSC(CCC(ON2C(=O)CCC2=O)=O)C)n1,rand_3
molecule_84,c1cccc(SSC(C)CCC(ON2C(=O)CCC2=O)=O)n1,rand_4
molecule_84,c1cc(SSC(CCC(=O)ON2C(=O)CCC2=O)C)ncc1,rand_5
molecule_84,c1cnc(SSC(CCC(=O)ON2C(=O)CCC2=O)C)cc1,rand_6
molecule_84,C(CCC(=O)ON1C(=O)CCC1=O)(C)SSc1ncccc1,rand_7
molecule_84,O(N1C(=O)CCC1=O)C(=O)CCC(SSc1ncccc1)C,rand_8
molecule_84,C(=O)(CCC(SSc1ccccn1)C)ON1C(=O)CCC1=O,rand_9
molecule_84,S(C(CCC(=O)ON1C(=O)CCC1=O)C)Sc1ncccc1,rand_10
molecule_85,C(CN(CCN(C(OCc1ccc(NC(=O)C(CCCNC(=O)N)NC(=O)C(NC(=O)OCCOCCN2C(=O)C=CC2=O)C(C)C)cc1)=O)C)C(=O)O)OCCO,rand_1
molecule_85,OC(=O)N(CCOCCO)CCN(C)C(=O)OCc1ccc(NC(C(CCCNC(N)=O)NC(C(C(C)C)NC(=O)OCCOCCN2C(=O)C=CC2=O)=O)=O)cc1,rand_2
molecule_85,N(C(O)=O)(CCN(C(OCc1ccc(NC(C(NC(=O)C(NC(=O)OCCOCCN2C(=O)C=CC2=O)C(C)C)CCCNC(=O)N)=O)cc1)=O)C)CCOCCO,rand_3
molecule_85,N(C(C(NC(CCCNC(N)=O)C(=O)Nc1ccc(COC(=O)N(C)CCN(CCOCCO)C(=O)O)cc1)=O)C(C)C)C(=O)OCCOCCN1C(=O)C=CC1=O,rand_4
molecule_85,C(C(CCCNC(N)=O)NC(=O)C(NC(=O)OCCOCCN1C(=O)C=CC1=O)C(C)C)(Nc1ccc(COC(N(C)CCN(C(=O)O)CCOCCO)=O)cc1)=O,rand_5
molecule_85,CC(C(NC(=O)OCCOCCN1C(=O)C=CC1=O)C(=O)NC(CCCNC(N)=O)C(=O)Nc1ccc(COC(=O)N(CCN(CCOCCO)C(O)=O)C)cc1)C,rand_6
molecule_85,NC(=O)NCCCC(NC(=O)C(C(C)C)NC(=O)OCCOCCN1C(=O)C=CC1=O)C(Nc1ccc(COC(=O)N(C)CCN(C(O)=O)CCOCCO)cc1)=O,rand_7
molecule_85,C(C)(C)C(NC(=O)OCCOCCN1C(=O)C=CC1=O)C(NC(C(=O)Nc1ccc(COC(N(CCN(CCOCCO)C(=O)O)C)=O)cc1)CCCNC(=O)N)=O,rand_8
molecule_85,c1(NC(C(CCCNC(=O)N)NC(=O)C(NC(=O)OCCOCCN2C(=O)C=CC2=O)C(C)C)=O)ccc(COC(N(CCN(CCOCCO)C(O)=O)C)=O)cc1,rand_9
molecule_85,C(C(NC(C(NC(OCCOCCN1C(=O)C=CC1=O)=O)C(C)C)=O)CCCNC(=O)N)(=O)Nc1ccc(COC(=O)N(C)CCN(C(O)=O)CCOCCO)cc1,rand_10
molecule_86,C(C(=O)Nc1ccc(CO)cc1)(NC(=O)C1N(C(C(NC(=O)CCCCCN2C(=O)C=CC2=O)CC(N)=O)=O)CCC1)C(C)C,rand_1
molecule_86,C(O)c1ccc(NC(=O)C(C(C)C)NC(=O)C2N(C(C(NC(=O)CCCCCN3C(=O)C=CC3=O)CC(N)=O)=O)CCC2)cc1,rand_2
molecule_86,C(=O)(N1C(C(=O)NC(C(C)C)C(=O)Nc2ccc(CO)cc2)CCC1)C(CC(=O)N)NC(CCCCCN1C(=O)C=CC1=O)=O,rand_3
molecule_86,C1(=O)N(CCCCCC(NC(CC(=O)N)C(N2C(C(NC(C(=O)Nc3ccc(CO)cc3)C(C)C)=O)CCC2)=O)=O)C(=O)C=C1,rand_4
molecule_86,OCc1ccc(NC(C(NC(=O)C2N(C(=O)C(NC(CCCCCN3C(=O)C=CC3=O)=O)CC(=O)N)CCC2)C(C)C)=O)cc1,rand_5
molecule_86,C1=CC(=O)N(CCCCCC(=O)NC(C(=O)N2C(C(=O)NC(C(Nc3ccc(CO)cc3)=O)C(C)C)CCC2)CC(N)=O)C1=O,rand_6
molecule_86,C(=O)(CCCCCN1C(=O)C=CC1=O)NC(CC(=O)N)C(=O)N1CCCC1C(=O)NC(C(C)C)C(Nc1ccc(CO)cc1)=O,rand_7
molecule_86,c1c(CO)ccc(NC(=O)C(C(C)C)NC(C2N(C(C(CC(N)=O)NC(CCCCCN3C(=O)C=CC3=O)=O)=O)CCC2)=O)c1,rand_8
molecule_86,c1cc(NC(=O)C(NC(C2CCCN2C(=O)C(CC(N)=O)NC(=O)CCCCCN2C(=O)C=CC2=O)=O)C(C)C)ccc1CO,rand_9
molecule_86,C1=CC(=O)N(CCCCCC(=O)NC(C(=O)N2CCCC2C(=O)NC(C(=O)Nc2ccc(CO)cc2)C(C)C)CC(=O)N)C1=O,rand_10
molecule_87,N(C(CNC(CBr)=O)=O)C(C(O)=O)CCC(O)=O,rand_1
molecule_87,C(NC(=O)CBr)C(NC(CCC(=O)O)C(=O)O)=O,rand_2
molecule_87,C(CBr)(=O)NCC(NC(CCC(O)=O)C(O)=O)=O,rand_3
molecule_87,N(C(CNC(=O)CBr)=O)C(CCC(=O)O)C(=O)O,rand_4
molecule_87,C(CCC(O)=O)(NC(=O)CNC(=O)CBr)C(O)=O,rand_5
molecule_87,C(C(=O)O)(NC(=O)CNC(=O)CBr)CCC(O)=O,rand_6
molecule_87,BrCC(=O)NCC(=O)NC(CCC(O)=O)C(=O)O,rand_7
molecule_87,BrCC(=O)NCC(NC(CCC(O)=O)C(=O)O)=O,rand_8
molecule_87,C(C(CCC(O)=O)NC(CNC(=O)CBr)=O)(=O)O,rand_9
molecule_87,C(C(O)=O)CC(NC(=O)CNC(=O)CBr)C(=O)O,rand_10
molecule_88,S(SCCC(S(=O)(O)=O)C(ON1C(=O)CCC1=O)=O)c1ncccc1,rand_1
molecule_88,S(SCCC(S(=O)(=O)O)C(=O)ON1C(=O)CCC1=O)c1ccccn1,rand_2
molecule_88,c1ccc(SSCCC(S(=O)(=O)O)C(ON2C(=O)CCC2=O)=O)nc1,rand_3
molecule_88,O=S(C(CCSSc1ccccn1)C(ON1C(=O)CCC1=O)=O)(O)=O,rand_4
molecule_88,c1cccc(SSCCC(S(O)(=O)=O)C(ON2C(=O)CCC2=O)=O)n1,rand_5
molecule_88,O=S(=O)(O)C(C(ON1C(=O)CCC1=O)=O)CCSSc1ccccn1,rand_6
molecule_88,C1C(=O)N(OC(=O)C(CCSSc2ccccn2)S(=O)(O)=O)C(=O)C1,rand_7
molecule_88,c1cnc(SSCCC(S(=O)(O)=O)C(ON2C(=O)CCC2=O)=O)cc1,rand_8
molecule_88,N1(OC(=O)C(CCSSc2ccccn2)S(O)(=O)=O)C(=O)CCC1=O,rand_9
molecule_88,C1(=O)CCC(=O)N1OC(C(CCSSc1ncccc1)S(=O)(=O)O)=O,rand_10
molecule_89,N(CC(=O)O)C(=O)CNC(=O)CNC(CNC(=O)CN)=O,rand_1
molecule_89,O=C(NCC(=O)NCC(=O)O)CNC(=O)CNC(CN)=O,rand_2
molecule_89,OC(=O)CNC(CNC(CNC(CNC(=O)CN)=O)=O)=O,rand_3
molecule_89,OC(=O)CNC(CNC(=O)CNC(=O)CNC(CN)=O)=O,rand_4
molecule_89,O=C(CN)NCC(NCC(=O)NCC(NCC(O)=O)=O)=O,rand_5
molecule_89,O=C(CNC(=O)CNC(CNC(=O)CNC(=O)CN)=O)O,rand_6
molecule_89,C(=O)(CN)NCC(=O)NCC(NCC(=O)NCC(=O)O)=O,rand_7
molecule_89,O=C(NCC(NCC(=O)NCC(=O)O)=O)CNC(=O)CN,rand_8
molecule_89,C(C(NCC(=O)NCC(NCC(=O)O)=O)=O)NC(=O)CN,rand_9
molecule_89,O=C(CNC(CNC(=O)CNC(=O)CN)=O)NCC(=O)O,rand_10
molecule_90,c1c(CNC(C2CCC(CN3C(=O)C=CC3=O)CC2)=O)nnn1CCOCCOCCOCCOCCOCCOCCOCCOCCNC(COCC(=O)N[C@@H](CCCCN)C(=O)Nc1ccc(CO)cc1)=O,rand_1
molecule_90,C(COCCOCCOCCOCCOCCNC(=O)COCC(N[C@@H](CCCCN)C(Nc1ccc(CO)cc1)=O)=O)OCCOCCOCCn1nnc(CNC(C2CCC(CN3C(=O)C=CC3=O)CC2)=O)c1,rand_2
molecule_90,O(CCOCCOCCOCCOCCOCCNC(COCC(N[C@H](C(=O)Nc1ccc(CO)cc1)CCCCN)=O)=O)CCOCCOCCn1cc(CNC(=O)C2CCC(CN3C(=O)C=CC3=O)CC2)nn1,rand_3
molecule_90,C(OCCOCCn1cc(CNC(=O)C2CCC(CN3C(=O)C=CC3=O)CC2)nn1)COCCOCCOCCOCCOCCOCCNC(=O)COCC(=O)N[C@H](C(=O)Nc1ccc(CO)cc1)CCCCN,rand_4
molecule_90,O(CCOCCOCCOCCOCCOCCOCCOCCNC(=O)COCC(N[C@H](C(=O)Nc1ccc(CO)cc1)CCCCN)=O)CCn1nnc(CNC(C2CCC(CN3C(=O)C=CC3=O)CC2)=O)c1,rand_5
molecule_90,C(OCCOCCOCCn1nnc(CNC(=O)C2CCC(CN3C(=O)C=CC3=O)CC2)c1)COCCOCCOCCOCCOCCNC(COCC(=O)N[C@@H](CCCCN)C(=O)Nc1ccc(CO)cc1)=O,rand_6
molecule_90,n1c(CNC(C2CCC(CN3C(=O)C=CC3=O)CC2)=O)cn(CCOCCOCCOCCOCCOCCOCCOCCOCCNC(=O)COCC(=O)N[C@H](C(Nc2ccc(CO)cc2)=O)CCCCN)n1,rand_7
molecule_90,C(COCCOCCOCCOCCn1cc(CNC(C2CCC(CN3C(=O)C=CC3=O)CC2)=O)nn1)OCCOCCOCCOCCNC(COCC(=O)N[C@H](C(Nc1ccc(CO)cc1)=O)CCCCN)=O,rand_8
molecule_90,C(NC(=O)C1CCC(CN2C(=O)C=CC2=O)CC1)c1cn(CCOCCOCCOCCOCCOCCOCCOCCOCCNC(=O)COCC(N[C@H](C(Nc2ccc(CO)cc2)=O)CCCCN)=O)nn1,rand_9
molecule_90,c1(NC(=O)[C@H](CCCCN)NC(=O)COCC(=O)NCCOCCOCCOCCOCCOCCOCCOCCOCCn2nnc(CNC(C3CCC(CN4C(=O)C=CC4=O)CC3)=O)c2)ccc(CO)cc1,rand_10
molecule_91,O=C(C)C(C)C(ON1C(=O)CCC1=O)=S,rand_1
molecule_91,C1C(=O)N(OC(C(C)C(C)=O)=S)C(=O)C1,rand_2
molecule_91,C1CC(=O)N(OC(C(C(C)=O)C)=S)C1=O,rand_3
molecule_91,C1CC(=O)N(OC(=S)C(C)C(=O)C)C1=O,rand_4
molecule_91,C(C(C(C)=O)C)(ON1C(=O)CCC1=O)=S,rand_5
molecule_91,C1CC(=O)N(OC(=S)C(C(C)=O)C)C1=O,rand_6
molecule_91,N1(OC(C(C(=O)C)C)=S)C(=O)CCC1=O,rand_7
molecule_91,S=C(ON1C(=O)CCC1=O)C(C(C)=O)C,rand_8
molecule_91,C1(=O)N(OC(C(C(=O)C)C)=S)C(=O)CC1,rand_9
molecule_91,O=C(C(C(ON1C(=O)CCC1=O)=S)C)C,rand_10
molecule_92,c1cc(-c2nncnn2)ccc1NC(=O)CCOCCOCCOCCOCCOCCC(NC(C(C)C)C(NC(C(=O)Nc1ccc(CO)cc1)C)=O)=O,rand_1
molecule_92,c1(-c2nncnn2)ccc(NC(=O)CCOCCOCCOCCOCCOCCC(NC(C(C)C)C(NC(C(Nc2ccc(CO)cc2)=O)C)=O)=O)cc1,rand_2
molecule_92,C(COCCOCCOCCOCCC(=O)Nc1ccc(-c2nncnn2)cc1)OCCC(NC(C(C)C)C(=O)NC(C(=O)Nc1ccc(CO)cc1)C)=O,rand_3
molecule_92,O=C(NC(C(=O)Nc1ccc(CO)cc1)C)C(NC(CCOCCOCCOCCOCCOCCC(Nc1ccc(-c2nncnn2)cc1)=O)=O)C(C)C,rand_4
molecule_92,O(CCOCCOCCC(Nc1ccc(-c2nncnn2)cc1)=O)CCOCCOCCC(NC(C(C)C)C(NC(C)C(=O)Nc1ccc(CO)cc1)=O)=O,rand_5
molecule_92,c1c(NC(C(C)NC(C(NC(=O)CCOCCOCCOCCOCCOCCC(Nc2ccc(-c3nncnn3)cc2)=O)C(C)C)=O)=O)ccc(CO)c1,rand_6
molecule_92,C(COCCOCCOCCOCCC(NC(C(C)C)C(NC(C)C(Nc1ccc(CO)cc1)=O)=O)=O)OCCC(=O)Nc1ccc(-c2nncnn2)cc1,rand_7
molecule_92,c1nnc(-c2ccc(NC(CCOCCOCCOCCOCCOCCC(NC(C(C)C)C(NC(C)C(Nc3ccc(CO)cc3)=O)=O)=O)=O)cc2)nn1,rand_8
molecule_92,C(NC(C(NC(C(=O)Nc1ccc(CO)cc1)C)=O)C(C)C)(=O)CCOCCOCCOCCOCCOCCC(=O)Nc1ccc(-c2nncnn2)cc1,rand_9
molecule_92,O(CCOCCC(=O)Nc1ccc(-c2nncnn2)cc1)CCOCCOCCOCCC(NC(C(NC(C(Nc1ccc(CO)cc1)=O)C)=O)C(C)C)=O,rand_10
molecule_93,O=C(CNC(CNC(=O)CN)=O)NCC(NCC(NCCN)=O)=O,rand_1
molecule_93,O=C(CN)NCC(=O)NCC(NCC(=O)NCC(NCCN)=O)=O,rand_2
molecule_93,C(C(=O)NCC(=O)NCC(=O)NCC(NCC(=O)NCCN)=O)N,rand_3
molecule_93,C(N)C(=O)NCC(=O)NCC(NCC(NCC(NCCN)=O)=O)=O,rand_4
molecule_93,C(NCC(=O)NCC(=O)NCC(NCC(=O)NCCN)=O)(=O)CN,rand_5
molecule_93,O=C(CN)NCC(=O)NCC(NCC(NCC(=O)NCCN)=O)=O,rand_6
molecule_93,C(CNC(=O)CNC(=O)CNC(=O)CNC(=O)CNC(=O)CN)N,rand_7
molecule_93,C(NC(CNC(CNC(CNC(=O)CN)=O)=O)=O)C(=O)NCCN,rand_8
molecule_93,C(=O)(NCCN)CNC(=O)CNC(=O)CNC(CNC(CN)=O)=O,rand_9
molecule_93,O=C(NCCN)CNC(CNC(=O)CNC(CNC(=O)CN)=O)=O,rand_10
molecule_94,C(CCN1C(=O)C=CC1=O)CCC(=O)N[C@H](C(=O)N[C@H](C(=O)O)C)C(C)C,rand_1
molecule_94,C1(=O)N(CCCCCC(N[C@@H](C(C)C)C(N[C@@H](C)C(=O)O)=O)=O)C(=O)C=C1,rand_2
molecule_94,C(CCCC(N[C@H](C(=O)N[C@H](C(O)=O)C)C(C)C)=O)CN1C(=O)C=CC1=O,rand_3
molecule_94,C1=CC(=O)N(CCCCCC(N[C@H](C(=O)N[C@@H](C)C(=O)O)C(C)C)=O)C1=O,rand_4
molecule_94,C1=CC(=O)N(CCCCCC(N[C@@H](C(C)C)C(N[C@H](C(O)=O)C)=O)=O)C1=O,rand_5
molecule_94,C(N[C@@H](C)C(O)=O)(=O)[C@@H](NC(=O)CCCCCN1C(=O)C=CC1=O)C(C)C,rand_6
molecule_94,C([C@@H](NC([C@H](C(C)C)NC(=O)CCCCCN1C(=O)C=CC1=O)=O)C)(=O)O,rand_7
molecule_94,O=C1C=CC(=O)N1CCCCCC(=O)N[C@H](C(=O)N[C@@H](C)C(O)=O)C(C)C,rand_8
molecule_94,N(C(=O)[C@H](C(C)C)NC(CCCCCN1C(=O)C=CC1=O)=O)[C@H](C(O)=O)C,rand_9
molecule_94,O=C(N[C@H](C(=O)O)C)[C@@H](NC(=O)CCCCCN1C(=O)C=CC1=O)C(C)C,rand_10
molecule_95,C1(=O)N(CC2CCC(C(=O)NCc3cn(CCOCCOCCOCCOCCOCCOCCOCCOCCNC(=O)COCC(NC(C(NC(C(Nc4ccc(COC(=O)N(C)CCN)cc4)=O)CCCCN)=O)CC/C=C\C=C)=O)nn3)CC2)C(=O)C=C1,rand_1
molecule_95,O=C1C=CC(=O)N1CC1CCC(C(=O)NCc2nnn(CCOCCOCCOCCOCCOCCOCCOCCOCCNC(=O)COCC(=O)NC(CC/C=C\C=C)C(=O)NC(CCCCN)C(Nc3ccc(COC(=O)N(CCN)C)cc3)=O)c2)CC1,rand_2
molecule_95,C(NC(C(CC/C=C\C=C)NC(=O)COCC(NCCOCCOCCOCCOCCOCCOCCOCCOCCn1nnc(CNC(C2CCC(CN3C(=O)C=CC3=O)CC2)=O)c1)=O)=O)(CCCCN)C(=O)Nc1ccc(COC(N(CCN)C)=O)cc1,rand_3
molecule_95,C(=O)(COCC(NC(CC/C=C\C=C)C(NC(C(=O)Nc1ccc(COC(=O)N(C)CCN)cc1)CCCCN)=O)=O)NCCOCCOCCOCCOCCOCCOCCOCCOCCn1nnc(CNC(=O)C2CCC(CN3C(=O)C=CC3=O)CC2)c1,rand_4
molecule_95,C(OCCOCCOCCOCCOCCOCCOCCOCCNC(COCC(=O)NC(CC/C=C\C=C)C(=O)NC(C(=O)Nc1ccc(COC(=O)N(CCN)C)cc1)CCCCN)=O)Cn1nnc(CNC(C2CCC(CN3C(=O)C=CC3=O)CC2)=O)c1,rand_5
molecule_95,C1(=O)N(CC2CCC(C(NCc3nnn(CCOCCOCCOCCOCCOCCOCCOCCOCCNC(COCC(=O)NC(C(NC(C(Nc4ccc(COC(N(C)CCN)=O)cc4)=O)CCCCN)=O)CC/C=C\C=C)=O)c3)=O)CC2)C(=O)C=C1,rand_6
molecule_95,O(CCNC(COCC(=O)NC(C(=O)NC(CCCCN)C(Nc1ccc(COC(N(CCN)C)=O)cc1)=O)CC/C=C\C=C)=O)CCOCCOCCOCCOCCOCCOCCOCCn1cc(CNC(C2CCC(CN3C(=O)C=CC3=O)CC2)=O)nn1,rand_7
molecule_95,C(\CCC(C(=O)NC(CCCCN)C(=O)Nc1ccc(COC(N(CCN)C)=O)cc1)NC(COCC(=O)NCCOCCOCCOCCOCCOCCOCCOCCOCCn1nnc(CNC(C2CCC(CN3C(=O)C=CC3=O)CC2)=O)c1)=O)=C\C=C,rand_8
molecule_95,C(NC(COCC(=O)NCCOCCOCCOCCOCCOCCOCCOCCOCCn1cc(CNC(=O)C2CCC(CN3C(=O)C=CC3=O)CC2)nn1)=O)(CC/C=C\C=C)C(NC(CCCCN)C(Nc1ccc(COC(=O)N(C)CCN)cc1)=O)=O,rand_9
molecule_95,O(CCOCCOCCOCCOCCOCCOCCOCCNC(=O)COCC(NC(CC/C=C\C=C)C(=O)NC(C(=O)Nc1ccc(COC(=O)N(C)CCN)cc1)CCCCN)=O)CCn1cc(CNC(=O)C2CCC(CN3C(=O)C=CC3=O)CC2)nn1,rand_10
molecule_96,N1(CCC(NCCOCCOCCOCCOCCOCCOCCOCCOCCC(NC(C(NC(C(=O)Nc2ccc(CO)cc2)C)=O)C(C)C)=O)=O)C(=O)C=CC1=O,rand_1
molecule_96,C(NCCOCCOCCOCCOCCOCCOCCOCCOCCC(NC(C(C)C)C(NC(C)C(=O)Nc1ccc(CO)cc1)=O)=O)(CCN1C(=O)C=CC1=O)=O,rand_2
molecule_96,C(C)(C)C(NC(CCOCCOCCOCCOCCOCCOCCOCCOCCNC(=O)CCN1C(=O)C=CC1=O)=O)C(=O)NC(C(Nc1ccc(CO)cc1)=O)C,rand_3
molecule_96,O=C(NC(C)C(Nc1ccc(CO)cc1)=O)C(NC(CCOCCOCCOCCOCCOCCOCCOCCOCCNC(=O)CCN1C(=O)C=CC1=O)=O)C(C)C,rand_4
molecule_96,C1(=O)C=CC(=O)N1CCC(=O)NCCOCCOCCOCCOCCOCCOCCOCCOCCC(NC(C(NC(C)C(Nc1ccc(CO)cc1)=O)=O)C(C)C)=O,rand_5
molecule_96,O(CCOCCOCCOCCOCCOCCOCCOCCC(NC(C(NC(C)C(Nc1ccc(CO)cc1)=O)=O)C(C)C)=O)CCNC(=O)CCN1C(=O)C=CC1=O,rand_6
molecule_96,C1(=O)N(CCC(NCCOCCOCCOCCOCCOCCOCCOCCOCCC(NC(C(NC(C(Nc2ccc(CO)cc2)=O)C)=O)C(C)C)=O)=O)C(=O)C=C1,rand_7
molecule_96,C(C)(C(Nc1ccc(CO)cc1)=O)NC(=O)C(C(C)C)NC(CCOCCOCCOCCOCCOCCOCCOCCOCCNC(=O)CCN1C(=O)C=CC1=O)=O,rand_8
molecule_96,C(NC(=O)CCN1C(=O)C=CC1=O)COCCOCCOCCOCCOCCOCCOCCOCCC(NC(C(C)C)C(NC(C(=O)Nc1ccc(CO)cc1)C)=O)=O,rand_9
molecule_96,O(CCOCCOCCOCCC(NC(C(NC(C(=O)Nc1ccc(CO)cc1)C)=O)C(C)C)=O)CCOCCOCCOCCOCCNC(=O)CCN1C(=O)C=CC1=O,rand_10
molecule_97,C1(OC2C(O)C(O)C(O)C(COCCOCCOCCNC(=O)CCOCCOCCOCCOCCOCCC(NC(C(NC(CCCNC(=O)N)C(Nc3ccc(CO)cc3)=O)=O)C(C)C)=O)O2)C(O)C2N=C(C)OC2OC1CO,rand_1
molecule_97,O=C(CCOCCOCCOCCOCCOCCC(=O)NC(C(C)C)C(=O)NC(CCCNC(=O)N)C(Nc1ccc(CO)cc1)=O)NCCOCCOCCOCC1OC(OC2C(O)C3N=C(C)OC3OC2CO)C(O)C(O)C1O,rand_2
molecule_97,C1(OC2C(O)C3C(OC2CO)OC(C)=N3)OC(COCCOCCOCCNC(=O)CCOCCOCCOCCOCCOCCC(NC(C(=O)NC(CCCNC(=O)N)C(Nc2ccc(CO)cc2)=O)C(C)C)=O)C(O)C(O)C1O,rand_3
molecule_97,C1(O)C(OC2C(CO)OC3OC(C)=NC3C2O)OC(COCCOCCOCCNC(=O)CCOCCOCCOCCOCCOCCC(NC(C(C)C)C(NC(C(=O)Nc2ccc(CO)cc2)CCCNC(=O)N)=O)=O)C(O)C1O,rand_4
molecule_97,C(=O)(NC(C(C)C)C(NC(C(Nc1ccc(CO)cc1)=O)CCCNC(N)=O)=O)CCOCCOCCOCCOCCOCCC(NCCOCCOCCOCC1OC(OC2C(O)C3N=C(C)OC3OC2CO)C(O)C(O)C1O)=O,rand_5
molecule_97,C(OCCOCCOCCOCCOCCC(NC(C(C)C)C(NC(C(=O)Nc1ccc(CO)cc1)CCCNC(N)=O)=O)=O)CC(=O)NCCOCCOCCOCC1OC(OC2C(CO)OC3C(C2O)N=C(C)O3)C(O)C(O)C1O,rand_6
molecule_97,C1(O)C(O)C(OC2C(CO)OC3C(N=C(C)O3)C2O)OC(COCCOCCOCCNC(=O)CCOCCOCCOCCOCCOCCC(=O)NC(C(NC(CCCNC(=O)N)C(Nc2ccc(CO)cc2)=O)=O)C(C)C)C1O,rand_7
molecule_97,C(CNC(N)=O)CC(NC(=O)C(NC(CCOCCOCCOCCOCCOCCC(NCCOCCOCCOCC1OC(OC2C(O)C3N=C(C)OC3OC2CO)C(O)C(O)C1O)=O)=O)C(C)C)C(Nc1ccc(CO)cc1)=O,rand_8
molecule_97,NC(=O)NCCCC(NC(C(NC(=O)CCOCCOCCOCCOCCOCCC(NCCOCCOCCOCC1OC(OC2C(CO)OC3C(N=C(C)O3)C2O)C(O)C(O)C1O)=O)C(C)C)=O)C(=O)Nc1ccc(CO)cc1,rand_9
molecule_97,C12N=C(C)OC1OC(CO)C(OC1C(O)C(O)C(O)C(COCCOCCOCCNC(=O)CCOCCOCCOCCOCCOCCC(=O)NC(C(C)C)C(=O)NC(CCCNC(N)=O)C(=O)Nc3ccc(CO)cc3)O1)C2O,rand_10
molecule_98,O=C(N)NCCCC(NC(C(NC(=O)CNC(=O)CNC(=O)CN)C(C)C)=O)C(=O)Nc1ccc(COC(=O)N(C)CCN(C(=O)O)C)cc1,rand_1
molecule_98,O(Cc1ccc(NC(=O)C(NC(C(C(C)C)NC(=O)CNC(=O)CNC(=O)CN)=O)CCCNC(=O)N)cc1)C(N(CCN(C)C(O)=O)C)=O,rand_2
molecule_98,N(C(CN)=O)CC(=O)NCC(=O)NC(C(C)C)C(=O)NC(C(Nc1ccc(COC(N(C)CCN(C(O)=O)C)=O)cc1)=O)CCCNC(=O)N,rand_3
molecule_98,O=C(NC(C(=O)NC(C(=O)Nc1ccc(COC(=O)N(CCN(C(O)=O)C)C)cc1)CCCNC(=O)N)C(C)C)CNC(CNC(CN)=O)=O,rand_4
molecule_98,C(N(C)C(=O)O)CN(C(OCc1ccc(NC(=O)C(NC(C(NC(=O)CNC(=O)CNC(CN)=O)C(C)C)=O)CCCNC(N)=O)cc1)=O)C,rand_5
molecule_98,c1c(NC(=O)C(NC(C(NC(CNC(CNC(=O)CN)=O)=O)C(C)C)=O)CCCNC(=O)N)ccc(COC(=O)N(C)CCN(C)C(O)=O)c1,rand_6
molecule_98,C(CN)(NCC(=O)NCC(=O)NC(C(C)C)C(=O)NC(CCCNC(=O)N)C(Nc1ccc(COC(=O)N(CCN(C(=O)O)C)C)cc1)=O)=O,rand_7
molecule_98,CN(C(=O)O)CCN(C(OCc1ccc(NC(=O)C(CCCNC(=O)N)NC(=O)C(C(C)C)NC(CNC(CNC(=O)CN)=O)=O)cc1)=O)C,rand_8
molecule_98,C(C(NC(C(NC(CNC(CNC(=O)CN)=O)=O)C(C)C)=O)C(Nc1ccc(COC(=O)N(CCN(C)C(O)=O)C)cc1)=O)CCNC(N)=O,rand_9
molecule_98,C(N(C)CCN(C)C(O)=O)(=O)OCc1ccc(NC(C(CCCNC(=O)N)NC(C(C(C)C)NC(CNC(=O)CNC(=O)CN)=O)=O)=O)cc1,rand_10
molecule_99,c1(C(=O)C)ccc(OCCCC(=O)N)cc1,rand_1
molecule_99,NC(CCCOc1ccc(C(C)=O)cc1)=O,rand_2
molecule_99,O(c1ccc(C(=O)C)cc1)CCCC(=O)N,rand_3
molecule_99,NC(=O)CCCOc1ccc(C(C)=O)cc1,rand_4
molecule_99,c1cc(C(=O)C)ccc1OCCCC(N)=O,rand_5
molecule_99,NC(=O)CCCOc1ccc(C(=O)C)cc1,rand_6
molecule_99,C(Oc1ccc(C(=O)C)cc1)CCC(N)=O,rand_7
molecule_99,c1(OCCCC(N)=O)ccc(C(=O)C)cc1,rand_8
molecule_99,O(CCCC(=O)N)c1ccc(C(=O)C)cc1,rand_9
molecule_99,c1c(OCCCC(N)=O)ccc(C(=O)C)c1,rand_10
molecule_100,C(=O)(C(c1ccc(NC(OCc2cc(OC)cc(OC)c2)=O)cc1)OC(=O)Oc1ccc([N+](=O)[O-])cc1)OC,rand_1
molecule_100,c1cc(NC(OCc2cc(OC)cc(OC)c2)=O)ccc1C(C(OC)=O)OC(=O)Oc1ccc([N+](=O)[O-])cc1,rand_2
molecule_100,c1(OC)cc(COC(Nc2ccc(C(OC(=O)Oc3ccc([N+]([O-])=O)cc3)C(OC)=O)cc2)=O)cc(OC)c1,rand_3
molecule_100,C(c1ccc(NC(OCc2cc(OC)cc(OC)c2)=O)cc1)(C(=O)OC)OC(=O)Oc1ccc([N+]([O-])=O)cc1,rand_4
molecule_100,c1cc(C(OC(=O)Oc2ccc([N+]([O-])=O)cc2)C(=O)OC)ccc1NC(=O)OCc1cc(OC)cc(OC)c1,rand_5
molecule_100,c1(C(OC(=O)Oc2ccc([N+](=O)[O-])cc2)C(=O)OC)ccc(NC(=O)OCc2cc(OC)cc(OC)c2)cc1,rand_6
molecule_100,c1(NC(=O)OCc2cc(OC)cc(OC)c2)ccc(C(C(OC)=O)OC(=O)Oc2ccc([N+]([O-])=O)cc2)cc1,rand_7
molecule_100,C(OCc1cc(OC)cc(OC)c1)(Nc1ccc(C(C(OC)=O)OC(=O)Oc2ccc([N+](=O)[O-])cc2)cc1)=O,rand_8
molecule_100,c1cc(NC(OCc2cc(OC)cc(OC)c2)=O)ccc1C(C(=O)OC)OC(Oc1ccc([N+]([O-])=O)cc1)=O,rand_9
molecule_100,c1(OC)cc(OC)cc(COC(=O)Nc2ccc(C(C(=O)OC)OC(=O)Oc3ccc([N+](=O)[O-])cc3)cc2)c1,rand_10
molecule_101,c1c(CBr)nc(CBr)cc1C(=O)NCCCCCC(NC(C(=O)NC(CCCNC(=O)N)C(Nc1ccc(CO)cc1)=O)C(C)C)=O,rand_1
molecule_101,BrCc1cc(C(NCCCCCC(NC(C(NC(CCCNC(=O)N)C(Nc2ccc(CO)cc2)=O)=O)C(C)C)=O)=O)cc(CBr)n1,rand_2
molecule_101,O=C(N)NCCCC(NC(=O)C(NC(=O)CCCCCNC(c1cc(CBr)nc(CBr)c1)=O)C(C)C)C(=O)Nc1ccc(CO)cc1,rand_3
molecule_101,N(C(=O)N)CCCC(NC(=O)C(NC(CCCCCNC(c1cc(CBr)nc(CBr)c1)=O)=O)C(C)C)C(Nc1ccc(CO)cc1)=O,rand_4
molecule_101,C(CCCNC(N)=O)(NC(=O)C(NC(=O)CCCCCNC(c1cc(CBr)nc(CBr)c1)=O)C(C)C)C(=O)Nc1ccc(CO)cc1,rand_5
molecule_101,c1cc(CO)ccc1NC(C(CCCNC(N)=O)NC(C(NC(CCCCCNC(=O)c1cc(CBr)nc(CBr)c1)=O)C(C)C)=O)=O,rand_6
molecule_101,C(c1cc(CBr)nc(CBr)c1)(NCCCCCC(=O)NC(C(C)C)C(NC(C(Nc1ccc(CO)cc1)=O)CCCNC(N)=O)=O)=O,rand_7
molecule_101,OCc1ccc(NC(=O)C(CCCNC(N)=O)NC(=O)C(C(C)C)NC(CCCCCNC(=O)c2cc(CBr)nc(CBr)c2)=O)cc1,rand_8
molecule_101,n1c(CBr)cc(C(=O)NCCCCCC(NC(C(=O)NC(C(=O)Nc2ccc(CO)cc2)CCCNC(=O)N)C(C)C)=O)cc1CBr,rand_9
molecule_101,O=C(NCCCC(NC(C(C(C)C)NC(CCCCCNC(=O)c1cc(CBr)nc(CBr)c1)=O)=O)C(=O)Nc1ccc(CO)cc1)N,rand_10
molecule_102,c1c(SC2=C(Sc3ccccc3)C(=O)N(CCCCCC(O)=O)C2=O)cccc1,rand_1
molecule_102,C(=O)(CCCCCN1C(=O)C(Sc2ccccc2)=C(Sc2ccccc2)C1=O)O,rand_2
molecule_102,c1ccccc1SC1=C(Sc2ccccc2)C(=O)N(CCCCCC(O)=O)C1=O,rand_3
molecule_102,C1(Sc2ccccc2)=C(Sc2ccccc2)C(=O)N(CCCCCC(=O)O)C1=O,rand_4
molecule_102,C1(Sc2ccccc2)=C(Sc2ccccc2)C(=O)N(CCCCCC(O)=O)C1=O,rand_5
molecule_102,O=C(O)CCCCCN1C(=O)C(Sc2ccccc2)=C(Sc2ccccc2)C1=O,rand_6
molecule_102,OC(=O)CCCCCN1C(=O)C(Sc2ccccc2)=C(Sc2ccccc2)C1=O,rand_7
molecule_102,c1ccc(SC2=C(Sc3ccccc3)C(=O)N(CCCCCC(=O)O)C2=O)cc1,rand_8
molecule_102,C(CCC(O)=O)CCN1C(=O)C(Sc2ccccc2)=C(Sc2ccccc2)C1=O,rand_9
molecule_102,c1c(SC2=C(Sc3ccccc3)C(=O)N(CCCCCC(O)=O)C2=O)cccc1,rand_10
molecule_103,C(=C/C(=O)O)\C(=O)NCCC(NC(C(C)C)C(=O)NC(C(Nc1ccc(CO)cc1)=O)C)=O,rand_1
molecule_103,c1cc(NC(=O)C(C)NC(=O)C(C(C)C)NC(CCNC(/C=C/C(=O)O)=O)=O)ccc1CO,rand_2
molecule_103,O=C(C(NC(CCNC(=O)/C=C/C(=O)O)=O)C(C)C)NC(C(=O)Nc1ccc(CO)cc1)C,rand_3
molecule_103,C(/C=C/C(NCCC(NC(C(C)C)C(NC(C(Nc1ccc(CO)cc1)=O)C)=O)=O)=O)(=O)O,rand_4
molecule_103,C(NC(=O)/C=C/C(O)=O)CC(=O)NC(C(NC(C)C(Nc1ccc(CO)cc1)=O)=O)C(C)C,rand_5
molecule_103,C(NC(C(C)C)C(NC(C(Nc1ccc(CO)cc1)=O)C)=O)(=O)CCNC(/C=C/C(=O)O)=O,rand_6
molecule_103,N(C(C)C(Nc1ccc(CO)cc1)=O)C(C(NC(CCNC(=O)/C=C/C(=O)O)=O)C(C)C)=O,rand_7
molecule_103,c1(CO)ccc(NC(C(C)NC(=O)C(NC(=O)CCNC(/C=C/C(O)=O)=O)C(C)C)=O)cc1,rand_8
molecule_103,O=C(C(C(C)C)NC(CCNC(=O)/C=C/C(O)=O)=O)NC(C)C(=O)Nc1ccc(CO)cc1,rand_9
molecule_103,CC(C(C(NC(C(Nc1ccc(CO)cc1)=O)C)=O)NC(=O)CCNC(=O)/C=C/C(O)=O)C,rand_10
molecule_104,C(C(NC(C(O)=O)CCCCN)=O)(NC(=O)CCOCCOCCOCCOCCNC(=O)CCN1C(=O)C=CC1=O)C(C)C,rand_1
molecule_104,NCCCCC(C(=O)O)NC(C(C(C)C)NC(=O)CCOCCOCCOCCOCCNC(CCN1C(=O)C=CC1=O)=O)=O,rand_2
molecule_104,O(CCOCCOCCNC(=O)CCN1C(=O)C=CC1=O)CCOCCC(=O)NC(C(NC(CCCCN)C(O)=O)=O)C(C)C,rand_3
molecule_104,O=C1N(CCC(NCCOCCOCCOCCOCCC(NC(C(NC(CCCCN)C(O)=O)=O)C(C)C)=O)=O)C(=O)C=C1,rand_4
molecule_104,C(=O)(O)C(CCCCN)NC(C(NC(=O)CCOCCOCCOCCOCCNC(CCN1C(=O)C=CC1=O)=O)C(C)C)=O,rand_5
molecule_104,C1=CC(=O)N(CCC(NCCOCCOCCOCCOCCC(=O)NC(C(=O)NC(C(O)=O)CCCCN)C(C)C)=O)C1=O,rand_6
molecule_104,C(NC(CCN1C(=O)C=CC1=O)=O)COCCOCCOCCOCCC(=O)NC(C(C)C)C(=O)NC(C(O)=O)CCCCN,rand_7
molecule_104,C(CN)CCC(C(O)=O)NC(=O)C(C(C)C)NC(CCOCCOCCOCCOCCNC(=O)CCN1C(=O)C=CC1=O)=O,rand_8
molecule_104,C(CCC(NC(C(NC(CCOCCOCCOCCOCCNC(=O)CCN1C(=O)C=CC1=O)=O)C(C)C)=O)C(O)=O)CN,rand_9
molecule_104,C1=CC(=O)N(CCC(=O)NCCOCCOCCOCCOCCC(=O)NC(C(=O)NC(CCCCN)C(=O)O)C(C)C)C1=O,rand_10
molecule_105,C1(=O)N(CCOCCO)C(=O)C=C1,rand_1
molecule_105,N1(CCOCCO)C(=O)C=CC1=O,rand_2
molecule_105,O=C1N(CCOCCO)C(=O)C=C1,rand_3
molecule_105,O=C1N(CCOCCO)C(=O)C=C1,rand_4
molecule_105,C1(=O)N(CCOCCO)C(=O)C=C1,rand_5
molecule_105,C1(=O)C=CC(=O)N1CCOCCO,rand_6
molecule_105,C(CN1C(=O)C=CC1=O)OCCO,rand_7
molecule_105,C(COCCO)N1C(=O)C=CC1=O,rand_8
molecule_105,C(N1C(=O)C=CC1=O)COCCO,rand_9
molecule_105,O=C1C=CC(=O)N1CCOCCO,rand_10
molecule_106,CC(C(C(NC(C(Nc1ccc(CO)cc1)=O)CCCNC(N)=O)=O)NC(CNC(CNC(=O)CN)=O)=O)C.CC=C,rand_1
molecule_106,N(C(=O)N)CCCC(C(Nc1ccc(CO)cc1)=O)NC(C(C(C)C)NC(=O)CNC(CNC(=O)CN)=O)=O.C=CC,rand_2
molecule_106,O=C(NCCCC(C(Nc1ccc(CO)cc1)=O)NC(C(C(C)C)NC(=O)CNC(=O)CNC(CN)=O)=O)N.C(C)=C,rand_3
molecule_106,C(=O)(Nc1ccc(CO)cc1)C(NC(C(C(C)C)NC(CNC(=O)CNC(CN)=O)=O)=O)CCCNC(N)=O.CC=C,rand_4
molecule_106,C(N)(=O)NCCCC(NC(C(C(C)C)NC(CNC(=O)CNC(CN)=O)=O)=O)C(Nc1ccc(CO)cc1)=O.C=CC,rand_5
molecule_106,C(NC(=O)CNC(CNC(=O)CN)=O)(C(C)C)C(=O)NC(C(=O)Nc1ccc(CO)cc1)CCCNC(=O)N.C=CC,rand_6
molecule_106,C(C(NCC(=O)NCC(=O)NC(C(=O)NC(C(=O)Nc1ccc(CO)cc1)CCCNC(=O)N)C(C)C)=O)N.C(C)=C,rand_7
molecule_106,c1(CO)ccc(NC(=O)C(NC(C(NC(=O)CNC(CNC(=O)CN)=O)C(C)C)=O)CCCNC(=O)N)cc1.C=CC,rand_8
molecule_106,C(CCC(C(=O)Nc1ccc(CO)cc1)NC(=O)C(NC(=O)CNC(=O)CNC(=O)CN)C(C)C)NC(=O)N.CC=C,rand_9
molecule_106,O=C(NCCCC(C(=O)Nc1ccc(CO)cc1)NC(=O)C(NC(CNC(=O)CNC(=O)CN)=O)C(C)C)N.CC=C,rand_10
molecule_107,C(NC(CCCCN1C(=O)C=CC1=O)=O)C1CCC(C(=O)NCCN2C(=O)C=CC2=O)CC1,rand_1
molecule_107,C1CC(CNC(=O)CCCCN2C(=O)C=CC2=O)CCC1C(=O)NCCN1C(=O)C=CC1=O,rand_2
molecule_107,C(CN1C(=O)C=CC1=O)CCC(NCC1CCC(C(=O)NCCN2C(=O)C=CC2=O)CC1)=O,rand_3
molecule_107,C1C(CNC(CCCCN2C(=O)C=CC2=O)=O)CCC(C(NCCN2C(=O)C=CC2=O)=O)C1,rand_4
molecule_107,C1=CC(=O)N(CCCCC(NCC2CCC(C(NCCN3C(=O)C=CC3=O)=O)CC2)=O)C1=O,rand_5
molecule_107,C1(=O)N(CCCCC(=O)NCC2CCC(C(NCCN3C(=O)C=CC3=O)=O)CC2)C(=O)C=C1,rand_6
molecule_107,C(C(NCC1CCC(C(=O)NCCN2C(=O)C=CC2=O)CC1)=O)CCCN1C(=O)C=CC1=O,rand_7
molecule_107,C1=CC(=O)N(CCNC(C2CCC(CNC(=O)CCCCN3C(=O)C=CC3=O)CC2)=O)C1=O,rand_8
molecule_107,C(CN1C(=O)C=CC1=O)CCC(NCC1CCC(C(=O)NCCN2C(=O)C=CC2=O)CC1)=O,rand_9
molecule_107,N(CCN1C(=O)C=CC1=O)C(=O)C1CCC(CNC(CCCCN2C(=O)C=CC2=O)=O)CC1,rand_10
molecule_108,C1C(CN2C(=O)C=CC2=O)CCC(C(=O)NN)C1,rand_1
molecule_108,N1(CC2CCC(C(=O)NN)CC2)C(=O)C=CC1=O,rand_2
molecule_108,O=C1C=CC(=O)N1CC1CCC(C(NN)=O)CC1,rand_3
molecule_108,C1C(CN2C(=O)C=CC2=O)CCC(C(=O)NN)C1,rand_4
molecule_108,C1C(C(NN)=O)CCC(CN2C(=O)C=CC2=O)C1,rand_5
molecule_108,C1CC(CN2C(=O)C=CC2=O)CCC1C(NN)=O,rand_6
molecule_108,C1(=O)C=CC(=O)N1CC1CCC(C(NN)=O)CC1,rand_7
molecule_108,C1(=O)C=CC(=O)N1CC1CCC(C(NN)=O)CC1,rand_8
molecule_108,O=C1N(CC2CCC(C(=O)NN)CC2)C(=O)C=C1,rand_9
molecule_108,O=C(NN)C1CCC(CN2C(=O)C=CC2=O)CC1,rand_10
molecule_109,C(NC(C(Nc1ccc(CO)cc1)=O)C)(=O)C(NC(CCOCCOCCOCCOCCNC(CI)=O)=O)C(C)C,rand_1
molecule_109,ICC(NCCOCCOCCOCCOCCC(NC(C(NC(C)C(Nc1ccc(CO)cc1)=O)=O)C(C)C)=O)=O,rand_2
molecule_109,CC(C(NC(CCOCCOCCOCCOCCNC(CI)=O)=O)C(=O)NC(C(Nc1ccc(CO)cc1)=O)C)C,rand_3
molecule_109,C(=O)(Nc1ccc(CO)cc1)C(NC(=O)C(C(C)C)NC(CCOCCOCCOCCOCCNC(=O)CI)=O)C,rand_4
molecule_109,C(C)(C(C(=O)NC(C)C(Nc1ccc(CO)cc1)=O)NC(=O)CCOCCOCCOCCOCCNC(=O)CI)C,rand_5
molecule_109,N(C(=O)CCOCCOCCOCCOCCNC(CI)=O)C(C(NC(C)C(=O)Nc1ccc(CO)cc1)=O)C(C)C,rand_6
molecule_109,C(OCCOCCOCCC(NC(C(C)C)C(NC(C(=O)Nc1ccc(CO)cc1)C)=O)=O)COCCNC(CI)=O,rand_7
molecule_109,c1(CO)ccc(NC(C(C)NC(=O)C(C(C)C)NC(CCOCCOCCOCCOCCNC(=O)CI)=O)=O)cc1,rand_8
molecule_109,C(C(=O)NCCOCCOCCOCCOCCC(=O)NC(C(=O)NC(C(=O)Nc1ccc(CO)cc1)C)C(C)C)I,rand_9
molecule_109,CC(C(NC(=O)CCOCCOCCOCCOCCNC(CI)=O)C(NC(C(=O)Nc1ccc(CO)cc1)C)=O)C,rand_10
molecule_110,O=C1C=CC(=O)N1c1ccc(CC(N(CC(N(C)CC(=O)N(C)CC(N(C)CC(=O)N(CC(=O)N(CC(N(C)CC(=O)N(CC(N(C)C(N(C)CC(=O)N(CC(=O)O)C)=O)=O)C)=O)C)C)=O)=O)CCn2nnc(CC(c3cc([N+]([O-])=O)c(OC4C(O)C(O)C(O)C(C(=O)O)O4)cc3)O)c2)=O)cc1,rand_1
molecule_110,c1([N+](=O)[O-])c(OC2C(O)C(O)C(O)C(C(=O)O)O2)ccc(C(O)Cc2cn(CCN(C(Cc3ccc(N4C(=O)C=CC4=O)cc3)=O)CC(N(CC(=O)N(C)CC(=O)N(C)CC(=O)N(CC(N(CC(N(C)CC(=O)N(C)CC(=O)N(C)C(=O)N(C)CC(N(CC(O)=O)C)=O)=O)C)=O)C)C)=O)nn2)c1,rand_2
molecule_110,C(Cc1ccc(N2C(=O)C=CC2=O)cc1)(=O)N(CC(N(CC(=O)N(CC(N(CC(=O)N(C)CC(=O)N(CC(N(CC(N(CC(N(C(N(CC(=O)N(CC(O)=O)C)C)=O)C)=O)C)=O)C)=O)C)C)=O)C)C)=O)CCn1nnc(CC(O)c2cc([N+]([O-])=O)c(OC3C(O)C(O)C(O)C(C(=O)O)O3)cc2)c1,rand_3
molecule_110,C(N(C)CC(=O)N(C)C(=O)N(C)CC(=O)N(CC(=O)O)C)(CN(C)C(=O)CN(C)C(=O)CN(C(CN(C)C(=O)CN(C(CN(C)C(=O)CN(CCn1nnc(CC(O)c2cc([N+]([O-])=O)c(OC3OC(C(=O)O)C(O)C(O)C3O)cc2)c1)C(Cc1ccc(N2C(=O)C=CC2=O)cc1)=O)=O)C)=O)C)=O,rand_4
molecule_110,CN(C(=O)N(C)C(CN(C(CN(C)C(=O)CN(C)C(CN(C(CN(C(CN(C(=O)CN(C(CN(CCn1cc(CC(c2ccc(OC3OC(C(=O)O)C(O)C(O)C3O)c([N+]([O-])=O)c2)O)nn1)C(=O)Cc1ccc(N2C(=O)C=CC2=O)cc1)=O)C)C)=O)C)=O)C)=O)=O)C)=O)CC(N(CC(=O)O)C)=O,rand_5
molecule_110,CN(C(=O)CN(C(N(C)C(CN(C(CN(C)C(CN(C)C(CN(C)C(CN(C)C(=O)CN(C(=O)CN(C(=O)CN(C(=O)Cc1ccc(N2C(=O)C=CC2=O)cc1)CCn1nnc(CC(O)c2cc([N+]([O-])=O)c(OC3OC(C(=O)O)C(O)C(O)C3O)cc2)c1)C)C)=O)=O)=O)=O)C)=O)=O)C)CC(=O)O,rand_6
molecule_110,C(C(N(CC(N(C(=O)N(C)CC(N(CC(O)=O)C)=O)C)=O)C)=O)N(C)C(=O)CN(C(CN(C(CN(C(=O)CN(C(=O)CN(C(=O)CN(C(=O)Cc1ccc(N2C(=O)C=CC2=O)cc1)CCn1nnc(CC(c2ccc(OC3C(O)C(O)C(O)C(C(=O)O)O3)c([N+](=O)[O-])c2)O)c1)C)C)C)=O)C)=O)C,rand_7
molecule_110,C(N(C)C(CN(C)C(=O)CN(C)C(CN(C(CN(C(=O)CN(C)C(=O)CN(C(CN(C(Cc1ccc(N2C(=O)C=CC2=O)cc1)=O)CCn1cc(CC(c2ccc(OC3C(O)C(O)C(O)C(C(O)=O)O3)c([N+]([O-])=O)c2)O)nn1)=O)C)C)=O)C)=O)=O)C(=O)N(C(=O)N(C)CC(N(CC(=O)O)C)=O)C,rand_8
molecule_110,OC1C(O)C(Oc2c([N+](=O)[O-])cc(C(O)Cc3nnn(CCN(C(=O)Cc4ccc(N5C(=O)C=CC5=O)cc4)CC(N(CC(=O)N(CC(=O)N(C)CC(=O)N(CC(N(C)CC(N(C)CC(=O)N(CC(=O)N(C)C(N(CC(=O)N(CC(O)=O)C)C)=O)C)=O)=O)C)C)C)=O)c3)cc2)OC(C(O)=O)C1O,rand_9
molecule_110,c1([N+]([O-])=O)cc(C(O)Cc2nnn(CCN(CC(N(CC(N(CC(N(C)CC(N(C)CC(=O)N(CC(=O)N(C)CC(=O)N(C)CC(N(C)C(=O)N(C)CC(N(CC(=O)O)C)=O)=O)C)=O)=O)C)=O)C)=O)C(Cc3ccc(N4C(=O)C=CC4=O)cc3)=O)c2)ccc1OC1OC(C(=O)O)C(O)C(O)C1O,rand_10
molecule_111,C(N[C@H](C(=O)Nc1ccc(CO)cc1)C)([C@H](C(C)C)NC(=O)CCCCCN1C(=O)C=CC1=O)=O,rand_1
molecule_111,N(C([C@@H](NC(CCCCCN1C(=O)C=CC1=O)=O)C(C)C)=O)[C@@H](C)C(Nc1ccc(CO)cc1)=O,rand_2
molecule_111,N(c1ccc(CO)cc1)C([C@@H](NC(=O)[C@H](C(C)C)NC(=O)CCCCCN1C(=O)C=CC1=O)C)=O,rand_3
molecule_111,O=C([C@H](C(C)C)NC(=O)CCCCCN1C(=O)C=CC1=O)N[C@H](C(=O)Nc1ccc(CO)cc1)C,rand_4
molecule_111,C1=CC(=O)N(CCCCCC(=O)N[C@@H](C(C)C)C(N[C@@H](C)C(=O)Nc2ccc(CO)cc2)=O)C1=O,rand_5
molecule_111,c1cc(NC(=O)[C@H](C)NC([C@H](C(C)C)NC(CCCCCN2C(=O)C=CC2=O)=O)=O)ccc1CO,rand_6
molecule_111,C([C@@H](NC(=O)[C@H](C(C)C)NC(=O)CCCCCN1C(=O)C=CC1=O)C)(=O)Nc1ccc(CO)cc1,rand_7
molecule_111,O=C(CCCCCN1C(=O)C=CC1=O)N[C@H](C(=O)N[C@@H](C)C(Nc1ccc(CO)cc1)=O)C(C)C,rand_8
molecule_111,CC(C)[C@@H](C(=O)N[C@H](C(Nc1ccc(CO)cc1)=O)C)NC(CCCCCN1C(=O)C=CC1=O)=O,rand_9
molecule_111,C(CCCCN1C(=O)C=CC1=O)C(=O)N[C@H](C(N[C@H](C(=O)Nc1ccc(CO)cc1)C)=O)C(C)C,rand_10
molecule_112,C(COCCOCCOCCOCCOCCOCCO)OCCOCCOCCOCCOCCOCCOCCOCCOCCOCCOCCOCCOCCOCCOCCOCCOCCOP(Nc1ccc(C(=O)NC(C(C)C)C(NC(CCCNC(=O)N)C(Nc2ccc(CO)cc2)=O)=O)cc1)(=O)C#C,rand_1
molecule_112,O=C(C(C(C)C)NC(=O)c1ccc(NP(=O)(C#C)OCCOCCOCCOCCOCCOCCOCCOCCOCCOCCOCCOCCOCCOCCOCCOCCOCCOCCOCCOCCOCCOCCOCCOCCO)cc1)NC(C(=O)Nc1ccc(CO)cc1)CCCNC(=O)N,rand_2
molecule_112,C(OCCOCCOCCOCCOCCOCCOCCOCCOCCOCCOCCOCCOCCOCCOCCOCCOCCOCCOCCOCCOCCOCCO)COCCOP(Nc1ccc(C(NC(C(NC(CCCNC(=O)N)C(=O)Nc2ccc(CO)cc2)=O)C(C)C)=O)cc1)(C#C)=O,rand_3
molecule_112,C(C(C(C)C)NC(=O)c1ccc(NP(OCCOCCOCCOCCOCCOCCOCCOCCOCCOCCOCCOCCOCCOCCOCCOCCOCCOCCOCCOCCOCCOCCOCCOCCO)(=O)C#C)cc1)(=O)NC(C(=O)Nc1ccc(CO)cc1)CCCNC(N)=O,rand_4
molecule_112,CC(C(C(=O)NC(CCCNC(=O)N)C(Nc1ccc(CO)cc1)=O)NC(=O)c1ccc(NP(OCCOCCOCCOCCOCCOCCOCCOCCOCCOCCOCCOCCOCCOCCOCCOCCOCCOCCOCCOCCOCCOCCOCCOCCO)(=O)C#C)cc1)C,rand_5
molecule_112,O(CCOCCOCCOCCOCCOCCOCCOCCOCCOCCOCCOCCOCCOCCO)CCOCCOCCOCCOCCOCCOCCOCCOCCOCCOP(=O)(Nc1ccc(C(NC(C(=O)NC(CCCNC(=O)N)C(Nc2ccc(CO)cc2)=O)C(C)C)=O)cc1)C#C,rand_6
molecule_112,C(COCCOCCOCCOCCOCCOCCOCCOCCOCCOCCO)OCCOCCOCCOCCOCCOCCOCCOCCOCCOCCOCCOCCOCCOP(=O)(C#C)Nc1ccc(C(NC(C(NC(CCCNC(N)=O)C(Nc2ccc(CO)cc2)=O)=O)C(C)C)=O)cc1,rand_7
molecule_112,C(C(NC(=O)c1ccc(NP(C#C)(OCCOCCOCCOCCOCCOCCOCCOCCOCCOCCOCCOCCOCCOCCOCCOCCOCCOCCOCCOCCOCCOCCOCCOCCO)=O)cc1)C(=O)NC(CCCNC(=O)N)C(=O)Nc1ccc(CO)cc1)(C)C,rand_8
molecule_112,C(OCCOCCOCCOCCOP(=O)(Nc1ccc(C(=O)NC(C(C)C)C(=O)NC(CCCNC(=O)N)C(Nc2ccc(CO)cc2)=O)cc1)C#C)COCCOCCOCCOCCOCCOCCOCCOCCOCCOCCOCCOCCOCCOCCOCCOCCOCCOCCOCCO,rand_9
molecule_112,C(COCCOCCO)OCCOCCOCCOCCOCCOCCOCCOCCOCCOCCOCCOCCOCCOCCOCCOCCOCCOCCOCCOCCOCCOP(C#C)(=O)Nc1ccc(C(=O)NC(C(C)C)C(=O)NC(C(Nc2ccc(CO)cc2)=O)CCCNC(=O)N)cc1,rand_10
molecule_113,O=C(N)NCCCC(NC(=O)C(NC(C(CCCCN)NC(=O)C)=O)C(C)C)C(Nc1ccc(COC(N(CCNC)C)=O)cc1)=O,rand_1
molecule_113,NC(=O)NCCCC(NC(=O)C(C(C)C)NC(C(CCCCN)NC(=O)C)=O)C(=O)Nc1ccc(COC(N(CCNC)C)=O)cc1,rand_2
molecule_113,C(CCC(NC(C)=O)C(=O)NC(C(=O)NC(CCCNC(N)=O)C(=O)Nc1ccc(COC(N(C)CCNC)=O)cc1)C(C)C)CN,rand_3
molecule_113,C(NC(=O)C)(CCCCN)C(=O)NC(C(C)C)C(NC(C(=O)Nc1ccc(COC(N(CCNC)C)=O)cc1)CCCNC(=O)N)=O,rand_4
molecule_113,C(C(NC(CCCNC(N)=O)C(=O)Nc1ccc(COC(N(CCNC)C)=O)cc1)=O)(NC(C(CCCCN)NC(=O)C)=O)C(C)C,rand_5
molecule_113,c1cc(NC(C(CCCNC(N)=O)NC(C(NC(C(NC(C)=O)CCCCN)=O)C(C)C)=O)=O)ccc1COC(=O)N(CCNC)C,rand_6
molecule_113,c1(NC(C(CCCNC(=O)N)NC(=O)C(NC(C(CCCCN)NC(C)=O)=O)C(C)C)=O)ccc(COC(=O)N(C)CCNC)cc1,rand_7
molecule_113,CC(C)C(NC(C(NC(C)=O)CCCCN)=O)C(NC(CCCNC(N)=O)C(=O)Nc1ccc(COC(=O)N(C)CCNC)cc1)=O,rand_8
molecule_113,C(NC(N)=O)CCC(C(Nc1ccc(COC(=O)N(C)CCNC)cc1)=O)NC(=O)C(C(C)C)NC(=O)C(NC(=O)C)CCCCN,rand_9
molecule_113,C(CCC(C(=O)NC(C(C)C)C(=O)NC(CCCNC(N)=O)C(Nc1ccc(COC(=O)N(CCNC)C)cc1)=O)NC(=O)C)CN,rand_10
molecule_114,C(C(=O)NC(C(Nc1ccc(CO)cc1)=O)CCCNC(=O)N)(NC(=O)CCCCCc1cc(CBr)nc(CBr)c1)C(C)C,rand_1
molecule_114,N(C(=O)N)CCCC(C(Nc1ccc(CO)cc1)=O)NC(=O)C(C(C)C)NC(=O)CCCCCc1cc(CBr)nc(CBr)c1,rand_2
molecule_114,NC(NCCCC(C(Nc1ccc(CO)cc1)=O)NC(=O)C(NC(=O)CCCCCc1cc(CBr)nc(CBr)c1)C(C)C)=O,rand_3
molecule_114,NC(=O)NCCCC(NC(C(NC(CCCCCc1cc(CBr)nc(CBr)c1)=O)C(C)C)=O)C(Nc1ccc(CO)cc1)=O,rand_4
molecule_114,N(CCCC(NC(C(NC(=O)CCCCCc1cc(CBr)nc(CBr)c1)C(C)C)=O)C(=O)Nc1ccc(CO)cc1)C(N)=O,rand_5
molecule_114,C(N)(=O)NCCCC(NC(=O)C(NC(=O)CCCCCc1cc(CBr)nc(CBr)c1)C(C)C)C(=O)Nc1ccc(CO)cc1,rand_6
molecule_114,BrCc1cc(CCCCCC(=O)NC(C(C)C)C(NC(C(=O)Nc2ccc(CO)cc2)CCCNC(=O)N)=O)cc(CBr)n1,rand_7
molecule_114,c1c(CO)ccc(NC(C(NC(=O)C(C(C)C)NC(CCCCCc2cc(CBr)nc(CBr)c2)=O)CCCNC(=O)N)=O)c1,rand_8
molecule_114,c1(CO)ccc(NC(C(CCCNC(N)=O)NC(=O)C(NC(CCCCCc2cc(CBr)nc(CBr)c2)=O)C(C)C)=O)cc1,rand_9
molecule_114,C(CCNC(=O)N)C(C(=O)Nc1ccc(CO)cc1)NC(C(C(C)C)NC(CCCCCc1cc(CBr)nc(CBr)c1)=O)=O,rand_10
molecule_115,OC(=O)CCC(S)C,rand_1
molecule_115,C(CC(S)C)C(=O)O,rand_2
molecule_115,C(O)(CCC(C)S)=O,rand_3
molecule_115,C(CC(C)S)C(O)=O,rand_4
molecule_115,OC(CCC(S)C)=O,rand_5
molecule_115,CC(CCC(=O)O)S,rand_6
molecule_115,SC(C)CCC(=O)O,rand_7
molecule_115,OC(=O)CCC(C)S,rand_8
molecule_115,OC(CCC(S)C)=O,rand_9
molecule_115,SC(CCC(=O)O)C,rand_10
molecule_116,c1(CO)ccc(NC(=O)C(NC(=O)C(C(C)C)NC(CCN2C(=O)C=CC2=O)=O)C)cc1,rand_1
molecule_116,CC(C)C(NC(CCN1C(=O)C=CC1=O)=O)C(=O)NC(C)C(Nc1ccc(CO)cc1)=O,rand_2
molecule_116,CC(C(NC(CCN1C(=O)C=CC1=O)=O)C(=O)NC(C(Nc1ccc(CO)cc1)=O)C)C,rand_3
molecule_116,CC(C)C(C(NC(C(=O)Nc1ccc(CO)cc1)C)=O)NC(CCN1C(=O)C=CC1=O)=O,rand_4
molecule_116,C(N1C(=O)C=CC1=O)CC(=O)NC(C(C)C)C(NC(C)C(Nc1ccc(CO)cc1)=O)=O,rand_5
molecule_116,C(NC(C(C)C)C(NC(C(Nc1ccc(CO)cc1)=O)C)=O)(=O)CCN1C(=O)C=CC1=O,rand_6
molecule_116,N(C(C(Nc1ccc(CO)cc1)=O)C)C(C(C(C)C)NC(CCN1C(=O)C=CC1=O)=O)=O,rand_7
molecule_116,c1(CO)ccc(NC(C(C)NC(=O)C(C(C)C)NC(=O)CCN2C(=O)C=CC2=O)=O)cc1,rand_8
molecule_116,O=C(C(C(C)C)NC(CCN1C(=O)C=CC1=O)=O)NC(C)C(Nc1ccc(CO)cc1)=O,rand_9
molecule_116,CC(C(C(NC(C(Nc1ccc(CO)cc1)=O)C)=O)NC(=O)CCN1C(=O)C=CC1=O)C,rand_10
molecule_117,C(COCCOCCOCCOCCOCCOCCN1C(=O)C(Sc2ccccn2)C(Sc2ccccn2)C1=O)OCCOCCOCCOCCOCCOCCC(O)=O,rand_1
molecule_117,C(OCCOCCOCCOCCOCCOCCOCCOCCOCCOCCOCCC(=O)O)COCCN1C(=O)C(Sc2ncccc2)C(Sc2ccccn2)C1=O,rand_2
molecule_117,c1ccnc(SC2C(Sc3ccccn3)C(=O)N(CCOCCOCCOCCOCCOCCOCCOCCOCCOCCOCCOCCOCCC(O)=O)C2=O)c1,rand_3
molecule_117,C(CC(O)=O)OCCOCCOCCOCCOCCOCCOCCOCCOCCOCCOCCOCCN1C(=O)C(Sc2ncccc2)C(Sc2ncccc2)C1=O,rand_4
molecule_117,C1(=O)N(CCOCCOCCOCCOCCOCCOCCOCCOCCOCCOCCOCCOCCC(O)=O)C(=O)C(Sc2ncccc2)C1Sc1ncccc1,rand_5
molecule_117,O(CCOCCOCCOCCOCCOCCOCCOCCOCCOCCC(=O)O)CCOCCOCCN1C(=O)C(Sc2ncccc2)C(Sc2ncccc2)C1=O,rand_6
molecule_117,C(COCCOCCOCCOCCOCCOCCOCCOCCN1C(=O)C(Sc2ncccc2)C(Sc2ncccc2)C1=O)OCCOCCOCCOCCC(O)=O,rand_7
molecule_117,C(=O)(O)CCOCCOCCOCCOCCOCCOCCOCCOCCOCCOCCOCCOCCN1C(=O)C(Sc2ccccn2)C(Sc2ccccn2)C1=O,rand_8
molecule_117,C(OCCOCCN1C(=O)C(Sc2ccccn2)C(Sc2ccccn2)C1=O)COCCOCCOCCOCCOCCOCCOCCOCCOCCOCCC(O)=O,rand_9
molecule_117,O(CCOCCOCCOCCOCCOCCC(O)=O)CCOCCOCCOCCOCCOCCOCCN1C(=O)C(Sc2ncccc2)C(Sc2ncccc2)C1=O,rand_10
molecule_118,C1#CCCC2C(CC1)C2,rand_1
molecule_118,C12C(CCC#CCC1)C2,rand_2
molecule_118,C1C#CCCC2C(C1)C2,rand_3
molecule_118,C1C2C1CCC#CCC2,rand_4
molecule_118,C12C(CCC#CCC1)C2,rand_5
molecule_118,C1#CCCC2C(CC1)C2,rand_6
molecule_118,C12CC1CCC#CCC2,rand_7
molecule_118,C1#CCCC2C(CC1)C2,rand_8
molecule_118,C1#CCCC2C(CC1)C2,rand_9
molecule_118,C1#CCCC2C(C2)CC1,rand_10
molecule_119,C(O)c1ccc(NC(=O)C(NC(=O)C(C(C)C)NC(=O)c2ccc(NP(OCCOCCOCCOCCOCCOCCOCCOCCOCCOCCOCCOCCO)(=O)C#C)cc2)CCCNC(N)=O)cc1,rand_1
molecule_119,c1c(CO)ccc(NC(=O)C(CCCNC(=O)N)NC(=O)C(C(C)C)NC(=O)c2ccc(NP(C#C)(=O)OCCOCCOCCOCCOCCOCCOCCOCCOCCOCCOCCOCCO)cc2)c1,rand_2
molecule_119,C(O)c1ccc(NC(=O)C(NC(C(NC(c2ccc(NP(OCCOCCOCCOCCOCCOCCOCCOCCOCCOCCOCCOCCO)(C#C)=O)cc2)=O)C(C)C)=O)CCCNC(=O)N)cc1,rand_3
molecule_119,O(CCOCCOCCOP(Nc1ccc(C(=O)NC(C(=O)NC(C(Nc2ccc(CO)cc2)=O)CCCNC(N)=O)C(C)C)cc1)(=O)C#C)CCOCCOCCOCCOCCOCCOCCOCCOCCO,rand_4
molecule_119,O(P(=O)(Nc1ccc(C(=O)NC(C(=O)NC(C(=O)Nc2ccc(CO)cc2)CCCNC(=O)N)C(C)C)cc1)C#C)CCOCCOCCOCCOCCOCCOCCOCCOCCOCCOCCOCCO,rand_5
molecule_119,c1c(CO)ccc(NC(C(CCCNC(=O)N)NC(C(C(C)C)NC(c2ccc(NP(OCCOCCOCCOCCOCCOCCOCCOCCOCCOCCOCCOCCO)(=O)C#C)cc2)=O)=O)=O)c1,rand_6
molecule_119,C(COCCOCCOCCOCCOP(C#C)(=O)Nc1ccc(C(=O)NC(C(NC(CCCNC(N)=O)C(Nc2ccc(CO)cc2)=O)=O)C(C)C)cc1)OCCOCCOCCOCCOCCOCCOCCO,rand_7
molecule_119,O(P(=O)(C#C)Nc1ccc(C(NC(C(C)C)C(=O)NC(C(=O)Nc2ccc(CO)cc2)CCCNC(=O)N)=O)cc1)CCOCCOCCOCCOCCOCCOCCOCCOCCOCCOCCOCCO,rand_8
molecule_119,C(C(NC(=O)C(NC(c1ccc(NP(=O)(C#C)OCCOCCOCCOCCOCCOCCOCCOCCOCCOCCOCCOCCO)cc1)=O)C(C)C)C(Nc1ccc(CO)cc1)=O)CCNC(=O)N,rand_9
molecule_119,C(COCCOCCOCCOCCOCCOCCOCCOP(=O)(Nc1ccc(C(=O)NC(C(C)C)C(=O)NC(CCCNC(=O)N)C(Nc2ccc(CO)cc2)=O)cc1)C#C)OCCOCCOCCOCCO,rand_10
molecule_120,c1c(N)c(/C(N)=N/O)ccc1,rand_1
molecule_120,c1(/C(N)=N/O)ccccc1N,rand_2
molecule_120,c1c(/C(N)=N/O)c(N)ccc1,rand_3
molecule_120,c1(N)c(/C(N)=N/O)cccc1,rand_4
molecule_120,c1c(/C(=N/O)N)c(N)ccc1,rand_5
molecule_120,O/N=C(/c1ccccc1N)N,rand_6
molecule_120,O/N=C(\N)c1ccccc1N,rand_7
molecule_120,C(=N\O)(\N)c1ccccc1N,rand_8
molecule_120,N(\O)=C(/c1c(N)cccc1)N,rand_9
molecule_120,c1c(N)c(/C(=N/O)N)ccc1,rand_10
molecule_121,c1c(CO)ccc(NC(=O)C(NC(C(NC(=O)COCCOCCOCCOCCn2nnc(CCCCNc3nc(C=C)cc(C=C)n3)c2)C(C)C)=O)C)c1,rand_1
molecule_121,O=C(NC(C(Nc1ccc(CO)cc1)=O)C)C(C(C)C)NC(COCCOCCOCCOCCn1nnc(CCCCNc2nc(C=C)cc(C=C)n2)c1)=O,rand_2
molecule_121,C(Cc1nnn(CCOCCOCCOCCOCC(=O)NC(C(NC(C(=O)Nc2ccc(CO)cc2)C)=O)C(C)C)c1)CCNc1nc(C=C)cc(C=C)n1,rand_3
molecule_121,c1(C=C)nc(NCCCCc2nnn(CCOCCOCCOCCOCC(NC(C(=O)NC(C)C(Nc3ccc(CO)cc3)=O)C(C)C)=O)c2)nc(C=C)c1,rand_4
molecule_121,C(COCCOCC(NC(C(NC(C(Nc1ccc(CO)cc1)=O)C)=O)C(C)C)=O)OCCOCCn1nnc(CCCCNc2nc(C=C)cc(C=C)n2)c1,rand_5
molecule_121,n1c(C=C)cc(C=C)nc1NCCCCc1nnn(CCOCCOCCOCCOCC(NC(C(C)C)C(NC(C)C(=O)Nc2ccc(CO)cc2)=O)=O)c1,rand_6
molecule_121,C(COCCOCCOCC(NC(C(=O)NC(C)C(Nc1ccc(CO)cc1)=O)C(C)C)=O)OCCn1cc(CCCCNc2nc(C=C)cc(C=C)n2)nn1,rand_7
molecule_121,C(COCCOCCn1nnc(CCCCNc2nc(C=C)cc(C=C)n2)c1)OCCOCC(=O)NC(C(C)C)C(NC(C)C(=O)Nc1ccc(CO)cc1)=O,rand_8
molecule_121,n1c(C=C)cc(C=C)nc1NCCCCc1cn(CCOCCOCCOCCOCC(NC(C(NC(C(Nc2ccc(CO)cc2)=O)C)=O)C(C)C)=O)nn1,rand_9
molecule_121,C(NC(C(=O)NC(C)C(Nc1ccc(CO)cc1)=O)C(C)C)(=O)COCCOCCOCCOCCn1nnc(CCCCNc2nc(C=C)cc(C=C)n2)c1,rand_10
molecule_122,C1(Oc2ccc(CO)cc2C(NCCOCCOCCO/N=C(/CC/C(C)=C/CC/C(=C/CO[PH](=O)(=O)O[PH](=O)(=O)O)C)C)=O)OC(C(O)=O)C(O)C(O)C1O,rand_1
molecule_122,c1(C(NCCOCCOCCO/N=C(/CC/C(C)=C/CC/C(C)=C/CO[PH](=O)(=O)O[PH](=O)(O)=O)C)=O)c(OC2C(O)C(O)C(O)C(C(O)=O)O2)ccc(CO)c1,rand_2
molecule_122,O[PH](=O)(=O)O[PH](=O)(OC/C=C(/CC/C=C(/CC/C(=N/OCCOCCOCCNC(=O)c1cc(CO)ccc1OC1C(O)C(O)C(O)C(C(O)=O)O1)C)C)C)=O,rand_3
molecule_122,O(C/C=C(/CC/C=C(\C)CC/C(=N/OCCOCCOCCNC(c1c(OC2C(O)C(O)C(O)C(C(O)=O)O2)ccc(CO)c1)=O)C)C)[PH](=O)(=O)O[PH](O)(=O)=O,rand_4
molecule_122,O(CCOCCOCCNC(=O)c1c(OC2C(O)C(O)C(O)C(C(O)=O)O2)ccc(CO)c1)/N=C(/CC/C(C)=C/CC/C(=C/CO[PH](=O)(=O)O[PH](=O)(=O)O)C)C,rand_5
molecule_122,OC1C(Oc2ccc(CO)cc2C(=O)NCCOCCOCCO/N=C(/CC/C(C)=C/CC/C(C)=C/CO[PH](=O)(=O)O[PH](O)(=O)=O)C)OC(C(O)=O)C(O)C1O,rand_6
molecule_122,C(=N\OCCOCCOCCNC(c1cc(CO)ccc1OC1C(O)C(O)C(O)C(C(=O)O)O1)=O)(\C)CC/C(=C/CC/C(=C/CO[PH](=O)(=O)O[PH](=O)(O)=O)C)C,rand_7
molecule_122,C(O/N=C(\C)CC/C(C)=C/CC/C(C)=C/CO[PH](=O)(=O)O[PH](O)(=O)=O)COCCOCCNC(c1c(OC2C(O)C(O)C(O)C(C(=O)O)O2)ccc(CO)c1)=O,rand_8
molecule_122,O=[PH](=O)(OC/C=C(/CC/C=C(\C)CC/C(C)=N/OCCOCCOCCNC(=O)c1cc(CO)ccc1OC1OC(C(=O)O)C(O)C(O)C1O)C)O[PH](=O)(O)=O,rand_9
molecule_122,C(CNC(=O)c1c(OC2OC(C(=O)O)C(O)C(O)C2O)ccc(CO)c1)OCCOCCO/N=C(\C)CC/C(C)=C/CC/C(=C/CO[PH](=O)(=O)O[PH](=O)(O)=O)C,rand_10
molecule_123,OC1C(O)C(CNC(=O)CCCCCN2C(=O)C=CC2=O)CC1CC(CC(C(=O)NC(C(Nc1ccc(CCN)cc1)=O)CCCNC(N)=O)C(C)C)=O,rand_1
molecule_123,O=C(NC(CCCNC(=O)N)C(Nc1ccc(CCN)cc1)=O)C(C(C)C)CC(=O)CC1CC(CNC(=O)CCCCCN2C(=O)C=CC2=O)C(O)C1O,rand_2
molecule_123,N(C(CCCCCN1C(=O)C=CC1=O)=O)CC1CC(CC(=O)CC(C(NC(CCCNC(N)=O)C(Nc2ccc(CCN)cc2)=O)=O)C(C)C)C(O)C1O,rand_3
molecule_123,C(C(C(=O)NC(C(=O)Nc1ccc(CCN)cc1)CCCNC(=O)N)C(C)C)C(=O)CC1C(O)C(O)C(CNC(=O)CCCCCN2C(=O)C=CC2=O)C1,rand_4
molecule_123,C(CCN1C(=O)C=CC1=O)CCC(NCC1C(O)C(O)C(CC(=O)CC(C(=O)NC(C(=O)Nc2ccc(CCN)cc2)CCCNC(N)=O)C(C)C)C1)=O,rand_5
molecule_123,c1cc(CCN)ccc1NC(=O)C(NC(C(CC(CC1C(O)C(O)C(CNC(=O)CCCCCN2C(=O)C=CC2=O)C1)=O)C(C)C)=O)CCCNC(=O)N,rand_6
molecule_123,O=C1N(CCCCCC(NCC2C(O)C(O)C(CC(=O)CC(C(C)C)C(=O)NC(C(Nc3ccc(CCN)cc3)=O)CCCNC(=O)N)C2)=O)C(=O)C=C1,rand_7
molecule_123,C(CNC(N)=O)CC(NC(=O)C(C(C)C)CC(=O)CC1C(O)C(O)C(CNC(=O)CCCCCN2C(=O)C=CC2=O)C1)C(=O)Nc1ccc(CCN)cc1,rand_8
molecule_123,C(C(=O)CC(C(=O)NC(C(Nc1ccc(CCN)cc1)=O)CCCNC(=O)N)C(C)C)C1CC(CNC(=O)CCCCCN2C(=O)C=CC2=O)C(O)C1O,rand_9
molecule_123,N1(CCCCCC(NCC2C(O)C(O)C(CC(=O)CC(C(=O)NC(CCCNC(=O)N)C(=O)Nc3ccc(CCN)cc3)C(C)C)C2)=O)C(=O)C=CC1=O,rand_10
molecule_124,c1cc(NC(=O)C(NC(=O)C(C(C)C)NC(CCCCCNC(/C=C\C(O)=O)=O)=O)C)ccc1CO,rand_1
molecule_124,C(CNC(=O)/C=C\C(=O)O)CCCC(NC(C(=O)NC(C)C(Nc1ccc(CO)cc1)=O)C(C)C)=O,rand_2
molecule_124,O=C(C(C(C)C)NC(CCCCCNC(/C=C\C(=O)O)=O)=O)NC(C(=O)Nc1ccc(CO)cc1)C,rand_3
molecule_124,C(/C=C\C(=O)O)(=O)NCCCCCC(NC(C(C)C)C(NC(C)C(Nc1ccc(CO)cc1)=O)=O)=O,rand_4
molecule_124,c1(CO)ccc(NC(C(C)NC(C(C(C)C)NC(=O)CCCCCNC(/C=C\C(=O)O)=O)=O)=O)cc1,rand_5
molecule_124,C(\C(O)=O)=C\C(NCCCCCC(NC(C(NC(C)C(=O)Nc1ccc(CO)cc1)=O)C(C)C)=O)=O,rand_6
molecule_124,C(O)c1ccc(NC(C(NC(C(C(C)C)NC(CCCCCNC(/C=C\C(=O)O)=O)=O)=O)C)=O)cc1,rand_7
molecule_124,CC(C(Nc1ccc(CO)cc1)=O)NC(=O)C(C(C)C)NC(CCCCCNC(/C=C\C(O)=O)=O)=O,rand_8
molecule_124,C(/C=C\C(=O)NCCCCCC(NC(C(=O)NC(C(=O)Nc1ccc(CO)cc1)C)C(C)C)=O)(O)=O,rand_9
molecule_124,CC(C(C(NC(C(Nc1ccc(CO)cc1)=O)C)=O)NC(=O)CCCCCNC(/C=C\C(=O)O)=O)C,rand_10
molecule_125,O(/N=C(\C)c1ccc(C)cc1)CC(O)=O,rand_1
molecule_125,c1(C)ccc(/C(C)=N/OCC(O)=O)cc1,rand_2
molecule_125,Cc1ccc(/C(=N/OCC(=O)O)C)cc1,rand_3
molecule_125,Cc1ccc(/C(C)=N/OCC(=O)O)cc1,rand_4
molecule_125,C(O)(CO/N=C(/c1ccc(C)cc1)C)=O,rand_5
molecule_125,c1(C)ccc(/C(=N/OCC(=O)O)C)cc1,rand_6
molecule_125,c1(/C(=N/OCC(O)=O)C)ccc(C)cc1,rand_7
molecule_125,O=C(O)CO/N=C(\C)c1ccc(C)cc1,rand_8
molecule_125,c1c(C)ccc(/C(=N/OCC(O)=O)C)c1,rand_9
molecule_125,O(/N=C(/c1ccc(C)cc1)C)CC(O)=O,rand_10
molecule_126,C(COCCOCCOCCNC(CCCCC(N1c2ccccc2-c2c(nnn2CCOCCOCCOCCN)-c2ccccc2C1)=O)=O)OCCC(NC(C(=O)NC(CCCNC(N)=O)C(=O)Nc1ccc(CO)cc1)C(C)C)=O,rand_1
molecule_126,C(C(N1c2ccccc2-c2n(CCOCCOCCOCCN)nnc2-c2ccccc2C1)=O)CCCC(=O)NCCOCCOCCOCCOCCC(=O)NC(C(C)C)C(=O)NC(CCCNC(N)=O)C(Nc1ccc(CO)cc1)=O,rand_2
molecule_126,c1cccc2c1N(C(CCCCC(=O)NCCOCCOCCOCCOCCC(=O)NC(C(=O)NC(CCCNC(=O)N)C(=O)Nc1ccc(CO)cc1)C(C)C)=O)Cc1c(cccc1)-c1c-2n(CCOCCOCCOCCN)nn1,rand_3
molecule_126,C(O)c1ccc(NC(C(CCCNC(=O)N)NC(=O)C(NC(CCOCCOCCOCCOCCNC(CCCCC(=O)N2Cc3c(cccc3)-c3nnn(CCOCCOCCOCCN)c3-c3ccccc32)=O)=O)C(C)C)=O)cc1,rand_4
molecule_126,C(COCCOCCN)OCCn1c2c(nn1)-c1c(cccc1)CN(C(=O)CCCCC(=O)NCCOCCOCCOCCOCCC(=O)NC(C(C)C)C(NC(C(Nc1ccc(CO)cc1)=O)CCCNC(N)=O)=O)c1c-2cccc1,rand_5
molecule_126,CC(C(C(NC(C(Nc1ccc(CO)cc1)=O)CCCNC(N)=O)=O)NC(CCOCCOCCOCCOCCNC(=O)CCCCC(=O)N1c2c(cccc2)-c2n(CCOCCOCCOCCN)nnc2-c2c(cccc2)C1)=O)C,rand_6
molecule_126,C(OCCOCCOCCn1nnc2c1-c1ccccc1N(C(CCCCC(NCCOCCOCCOCCOCCC(NC(C(=O)NC(CCCNC(=O)N)C(=O)Nc1ccc(CO)cc1)C(C)C)=O)=O)=O)Cc1ccccc1-2)CN,rand_7
molecule_126,c12c(nnn1CCOCCOCCOCCN)-c1ccccc1CN(C(=O)CCCCC(=O)NCCOCCOCCOCCOCCC(=O)NC(C(C)C)C(=O)NC(CCCNC(=O)N)C(=O)Nc1ccc(CO)cc1)c1c-2cccc1,rand_8
molecule_126,C1c2c(cccc2)-c2nnn(CCOCCOCCOCCN)c2-c2c(cccc2)N1C(CCCCC(NCCOCCOCCOCCOCCC(=O)NC(C(NC(C(=O)Nc1ccc(CO)cc1)CCCNC(=O)N)=O)C(C)C)=O)=O,rand_9
molecule_126,C(NC(=O)CCOCCOCCOCCOCCNC(CCCCC(N1c2c(cccc2)-c2c(nnn2CCOCCOCCOCCN)-c2c(cccc2)C1)=O)=O)(C(NC(CCCNC(=O)N)C(Nc1ccc(CO)cc1)=O)=O)C(C)C,rand_10
molecule_127,C(NC(=O)CCCCCNC(=O)/C=C\C(O)=O)(C(NC(C(Nc1ccc(CO)cc1)=O)CCCNC(N)=O)=O)C(C)C,rand_1
molecule_127,N(C(=O)N)CCCC(C(Nc1ccc(CO)cc1)=O)NC(C(C(C)C)NC(=O)CCCCCNC(=O)/C=C\C(O)=O)=O,rand_2
molecule_127,O=C(NCCCC(C(Nc1ccc(CO)cc1)=O)NC(=O)C(NC(=O)CCCCCNC(/C=C\C(=O)O)=O)C(C)C)N,rand_3
molecule_127,C(=O)(Nc1ccc(CO)cc1)C(NC(=O)C(NC(CCCCCNC(/C=C\C(O)=O)=O)=O)C(C)C)CCCNC(N)=O,rand_4
molecule_127,C(N)(=O)NCCCC(NC(C(NC(=O)CCCCCNC(/C=C\C(O)=O)=O)C(C)C)=O)C(Nc1ccc(CO)cc1)=O,rand_5
molecule_127,O=C(CCCCCNC(=O)/C=C\C(O)=O)NC(C(C)C)C(=O)NC(C(=O)Nc1ccc(CO)cc1)CCCNC(=O)N,rand_6
molecule_127,O=C(/C=C\C(NCCCCCC(=O)NC(C(C)C)C(=O)NC(C(=O)Nc1ccc(CO)cc1)CCCNC(=O)N)=O)O,rand_7
molecule_127,c1(CO)ccc(NC(=O)C(NC(=O)C(C(C)C)NC(CCCCCNC(=O)/C=C\C(=O)O)=O)CCCNC(=O)N)cc1,rand_8
molecule_127,C(CCC(C(=O)Nc1ccc(CO)cc1)NC(=O)C(NC(CCCCCNC(=O)/C=C\C(O)=O)=O)C(C)C)NC(=O)N,rand_9
molecule_127,O=C(NCCCC(C(=O)Nc1ccc(CO)cc1)NC(=O)C(C(C)C)NC(CCCCCNC(=O)/C=C\C(=O)O)=O)N,rand_10
molecule_128,c1cc(C(Cc2nnn(CCNC(Cc3ccc(N4C(=O)C=CC4=O)cc3)=O)c2)O)cc([N+]([O-])=O)c1OC1OC(C(=O)O)C(O)C(O)C1O,rand_1
molecule_128,C(c1cc([N+](=O)[O-])c(OC2OC(C(O)=O)C(O)C(O)C2O)cc1)(O)Cc1nnn(CCNC(=O)Cc2ccc(N3C(=O)C=CC3=O)cc2)c1,rand_2
molecule_128,C1(=O)C=CC(=O)N1c1ccc(CC(NCCn2nnc(CC(c3cc([N+](=O)[O-])c(OC4OC(C(=O)O)C(O)C(O)C4O)cc3)O)c2)=O)cc1,rand_3
molecule_128,c1(N2C(=O)C=CC2=O)ccc(CC(NCCn2cc(CC(c3ccc(OC4OC(C(=O)O)C(O)C(O)C4O)c([N+]([O-])=O)c3)O)nn2)=O)cc1,rand_4
molecule_128,c1([N+](=O)[O-])c(OC2OC(C(=O)O)C(O)C(O)C2O)ccc(C(O)Cc2nnn(CCNC(Cc3ccc(N4C(=O)C=CC4=O)cc3)=O)c2)c1,rand_5
molecule_128,n1nc(CC(O)c2cc([N+]([O-])=O)c(OC3C(O)C(O)C(O)C(C(=O)O)O3)cc2)cn1CCNC(=O)Cc1ccc(N2C(=O)C=CC2=O)cc1,rand_6
molecule_128,O=C1C=CC(=O)N1c1ccc(CC(NCCn2cc(CC(O)c3ccc(OC4OC(C(O)=O)C(O)C(O)C4O)c([N+]([O-])=O)c3)nn2)=O)cc1,rand_7
molecule_128,[N+](=O)([O-])c1c(OC2OC(C(O)=O)C(O)C(O)C2O)ccc(C(Cc2nnn(CCNC(=O)Cc3ccc(N4C(=O)C=CC4=O)cc3)c2)O)c1,rand_8
molecule_128,[N+](c1cc(C(O)Cc2cn(CCNC(Cc3ccc(N4C(=O)C=CC4=O)cc3)=O)nn2)ccc1OC1OC(C(=O)O)C(O)C(O)C1O)(=O)[O-],rand_9
molecule_128,OC1C(O)C(O)C(Oc2ccc(C(Cc3cn(CCNC(Cc4ccc(N5C(=O)C=CC5=O)cc4)=O)nn3)O)cc2[N+](=O)[O-])OC1C(O)=O,rand_10
molecule_129,O=C1C=CC(=O)N1CCC(NCCOCCOCCOCCOCCOCCOCCOCCOCCC(NC(C(=O)NC(CCCCN)C(NCC(=O)O)=O)C(C)C)=O)=O,rand_1
molecule_129,C(CN1C(=O)C=CC1=O)C(=O)NCCOCCOCCOCCOCCOCCOCCOCCOCCC(=O)NC(C(C)C)C(NC(C(NCC(=O)O)=O)CCCCN)=O,rand_2
molecule_129,N(C(=O)C(NC(=O)CCOCCOCCOCCOCCOCCOCCOCCOCCNC(=O)CCN1C(=O)C=CC1=O)C(C)C)C(C(=O)NCC(O)=O)CCCCN,rand_3
molecule_129,N(C(C(NC(CCCCN)C(NCC(=O)O)=O)=O)C(C)C)C(=O)CCOCCOCCOCCOCCOCCOCCOCCOCCNC(=O)CCN1C(=O)C=CC1=O,rand_4
molecule_129,C(C(NC(=O)CCOCCOCCOCCOCCOCCOCCOCCOCCNC(CCN1C(=O)C=CC1=O)=O)C(C)C)(=O)NC(CCCCN)C(NCC(O)=O)=O,rand_5
molecule_129,C(COCCOCCOCCOCCOCCOCCOCCOCCC(=O)NC(C(C)C)C(NC(CCCCN)C(=O)NCC(=O)O)=O)NC(CCN1C(=O)C=CC1=O)=O,rand_6
molecule_129,C(=O)(C(C(C)C)NC(=O)CCOCCOCCOCCOCCOCCOCCOCCOCCNC(=O)CCN1C(=O)C=CC1=O)NC(CCCCN)C(NCC(O)=O)=O,rand_7
molecule_129,C(C)(C)C(NC(=O)CCOCCOCCOCCOCCOCCOCCOCCOCCNC(=O)CCN1C(=O)C=CC1=O)C(NC(C(NCC(O)=O)=O)CCCCN)=O,rand_8
molecule_129,C(CCN1C(=O)C=CC1=O)(=O)NCCOCCOCCOCCOCCOCCOCCOCCOCCC(=O)NC(C(NC(CCCCN)C(=O)NCC(=O)O)=O)C(C)C,rand_9
molecule_129,C(COCCOCCOCCOCCC(=O)NC(C(NC(C(=O)NCC(=O)O)CCCCN)=O)C(C)C)OCCOCCOCCOCCNC(=O)CCN1C(=O)C=CC1=O,rand_10
molecule_130,C(NC(=O)CCC(=O)N1CCC(C(O)=O)CC1)(C(NC(C(Nc1ccc(CO)cc1)=O)CCCNC(N)=O)=O)C(C)C,rand_1
molecule_130,N(C(=O)N)CCCC(C(Nc1ccc(CO)cc1)=O)NC(C(C(C)C)NC(=O)CCC(=O)N1CCC(C(O)=O)CC1)=O,rand_2
molecule_130,O=C(NCCCC(C(Nc1ccc(CO)cc1)=O)NC(=O)C(NC(=O)CCC(N1CCC(C(=O)O)CC1)=O)C(C)C)N,rand_3
molecule_130,C(=O)(Nc1ccc(CO)cc1)C(NC(=O)C(NC(CCC(N1CCC(C(=O)O)CC1)=O)=O)C(C)C)CCCNC(N)=O,rand_4
molecule_130,C(N)(=O)NCCCC(NC(C(NC(=O)CCC(=O)N1CCC(C(O)=O)CC1)C(C)C)=O)C(Nc1ccc(CO)cc1)=O,rand_5
molecule_130,O=C(CCC(N1CCC(C(O)=O)CC1)=O)NC(C(C)C)C(=O)NC(C(=O)Nc1ccc(CO)cc1)CCCNC(=O)N,rand_6
molecule_130,C1C(C(O)=O)CCN(C(=O)CCC(=O)NC(C(C)C)C(=O)NC(C(=O)Nc2ccc(CO)cc2)CCCNC(=O)N)C1,rand_7
molecule_130,c1(CO)ccc(NC(=O)C(NC(=O)C(C(C)C)NC(CCC(N2CCC(C(O)=O)CC2)=O)=O)CCCNC(=O)N)cc1,rand_8
molecule_130,C(CCC(C(=O)Nc1ccc(CO)cc1)NC(=O)C(NC(CCC(N1CCC(C(O)=O)CC1)=O)=O)C(C)C)NC(=O)N,rand_9
molecule_130,O=C(NCCCC(C(=O)Nc1ccc(CO)cc1)NC(=O)C(C(C)C)NC(CCC(N1CCC(C(O)=O)CC1)=O)=O)N,rand_10
molecule_131,C(CN(S(=O)(NC(=O)OCCOCCNS(=O)(=O)NC(=O)OCC1C2CCC#CCCC12)=O)CCOC(=O)NC(C(C)C)C(=O)NC(C)C(Nc1ccc(CO)cc1)=O)OC(=O)NC(C(C)C)C(NC(C)C(=O)Nc1ccc(CO)cc1)=O,rand_1
molecule_131,N(c1ccc(CO)cc1)C(C(C)NC(=O)C(C(C)C)NC(=O)OCCN(CCOC(=O)NC(C(C)C)C(NC(C)C(Nc1ccc(CO)cc1)=O)=O)S(=O)(NC(OCCOCCNS(=O)(NC(=O)OCC1C2CCC#CCCC21)=O)=O)=O)=O,rand_2
molecule_131,C(OC(=O)NS(=O)(=O)NCCOCCOC(NS(N(CCOC(=O)NC(C(C)C)C(NC(C(Nc1ccc(CO)cc1)=O)C)=O)CCOC(NC(C(C)C)C(=O)NC(C)C(=O)Nc1ccc(CO)cc1)=O)(=O)=O)=O)C1C2C1CCC#CCC2,rand_3
molecule_131,C(O)c1ccc(NC(=O)C(NC(C(NC(=O)OCCN(S(=O)(NC(OCCOCCNS(=O)(=O)NC(=O)OCC2C3CCC#CCCC32)=O)=O)CCOC(NC(C(NC(C)C(=O)Nc2ccc(CO)cc2)=O)C(C)C)=O)C(C)C)=O)C)cc1,rand_4
molecule_131,O(C(NS(N(CCOC(=O)NC(C(NC(C)C(=O)Nc1ccc(CO)cc1)=O)C(C)C)CCOC(NC(C(C)C)C(NC(C(Nc1ccc(CO)cc1)=O)C)=O)=O)(=O)=O)=O)CCOCCNS(NC(=O)OCC1C2CCC#CCCC21)(=O)=O,rand_5
molecule_131,CC(C(Nc1ccc(CO)cc1)=O)NC(=O)C(NC(OCCN(CCOC(=O)NC(C(=O)NC(C)C(Nc1ccc(CO)cc1)=O)C(C)C)S(=O)(NC(OCCOCCNS(=O)(NC(OCC1C2C1CCC#CCC2)=O)=O)=O)=O)=O)C(C)C,rand_6
molecule_131,N(CCOCCOC(=O)NS(N(CCOC(NC(C(NC(C)C(=O)Nc1ccc(CO)cc1)=O)C(C)C)=O)CCOC(NC(C(NC(C)C(=O)Nc1ccc(CO)cc1)=O)C(C)C)=O)(=O)=O)S(=O)(=O)NC(OCC1C2CCC#CCCC21)=O,rand_7
molecule_131,O=S(NC(=O)OCC1C2C1CCC#CCC2)(=O)NCCOCCOC(=O)NS(=O)(N(CCOC(NC(C(NC(C)C(=O)Nc1ccc(CO)cc1)=O)C(C)C)=O)CCOC(=O)NC(C(C)C)C(=O)NC(C(=O)Nc1ccc(CO)cc1)C)=O,rand_8
molecule_131,c1(CO)ccc(NC(=O)C(C)NC(=O)C(C(C)C)NC(=O)OCCN(S(NC(OCCOCCNS(=O)(NC(=O)OCC2C3C2CCC#CCC3)=O)=O)(=O)=O)CCOC(NC(C(C)C)C(NC(C(=O)Nc2ccc(CO)cc2)C)=O)=O)cc1,rand_9
molecule_131,C(NC(C(Nc1ccc(CO)cc1)=O)C)(=O)C(NC(=O)OCCN(S(NC(OCCOCCNS(=O)(NC(=O)OCC1C2CCC#CCCC21)=O)=O)(=O)=O)CCOC(=O)NC(C(=O)NC(C)C(=O)Nc1ccc(CO)cc1)C(C)C)C(C)C,rand_10
molecule_132,N(C(=O)CCOCCOCCOCCOCCOCCOCCOCCNC(CCC1C(=O)C=CC1=O)=O)CN,rand_1
molecule_132,C(NC(=O)CCC1C(=O)C=CC1=O)COCCOCCOCCOCCOCCOCCOCCC(NCN)=O,rand_2
molecule_132,C(NCCOCCOCCOCCOCCOCCOCCOCCC(=O)NCN)(=O)CCC1C(=O)C=CC1=O,rand_3
molecule_132,N(C(CCC1C(=O)C=CC1=O)=O)CCOCCOCCOCCOCCOCCOCCOCCC(=O)NCN,rand_4
molecule_132,C(OCCOCCOCCOCCOCCC(=O)NCN)COCCOCCNC(CCC1C(=O)C=CC1=O)=O,rand_5
molecule_132,O(CCC(NCN)=O)CCOCCOCCOCCOCCOCCOCCNC(=O)CCC1C(=O)C=CC1=O,rand_6
molecule_132,C(COCCOCCOCCNC(=O)CCC1C(=O)C=CC1=O)OCCOCCOCCOCCC(NCN)=O,rand_7
molecule_132,O=C1C(CCC(=O)NCCOCCOCCOCCOCCOCCOCCOCCC(=O)NCN)C(=O)C=C1,rand_8
molecule_132,C(OCCOCCOCCOCCOCCC(=O)NCN)COCCOCCNC(CCC1C(=O)C=CC1=O)=O,rand_9
molecule_132,N(C(CCOCCOCCOCCOCCOCCOCCOCCNC(=O)CCC1C(=O)C=CC1=O)=O)CN,rand_10
molecule_133,N(C)(C(COCCOCCOCCn1cc(CNC(C2CN(S(=O)(=O)C=C)CCN2S(=O)(=O)C=C)=O)nn1)=O)CCN(C(O)=O)C,rand_1
molecule_133,C(OCCOCCOCC(=O)N(C)CCN(C)C(=O)O)Cn1nnc(CNC(=O)C2CN(S(C=C)(=O)=O)CCN2S(C=C)(=O)=O)c1,rand_2
molecule_133,n1nc(CNC(=O)C2CN(S(=O)(C=C)=O)CCN2S(C=C)(=O)=O)cn1CCOCCOCCOCC(=O)N(CCN(C)C(=O)O)C,rand_3
molecule_133,C(=O)(COCCOCCOCCn1cc(CNC(=O)C2CN(S(=O)(=O)C=C)CCN2S(=O)(C=C)=O)nn1)N(C)CCN(C)C(O)=O,rand_4
molecule_133,C(COCC(=O)N(CCN(C(=O)O)C)C)OCCOCCn1cc(CNC(=O)C2CN(S(=O)(=O)C=C)CCN2S(=O)(=O)C=C)nn1,rand_5
molecule_133,C1C(C(NCc2nnn(CCOCCOCCOCC(N(CCN(C)C(=O)O)C)=O)c2)=O)N(S(C=C)(=O)=O)CCN1S(=O)(=O)C=C,rand_6
molecule_133,C=CS(=O)(=O)N1CCN(S(C=C)(=O)=O)CC1C(NCc1cn(CCOCCOCCOCC(N(C)CCN(C(O)=O)C)=O)nn1)=O,rand_7
molecule_133,C(O)(N(CCN(C)C(=O)COCCOCCOCCn1nnc(CNC(=O)C2CN(S(C=C)(=O)=O)CCN2S(C=C)(=O)=O)c1)C)=O,rand_8
molecule_133,c1n(CCOCCOCCOCC(N(CCN(C)C(=O)O)C)=O)nnc1CNC(C1N(S(=O)(C=C)=O)CCN(S(=O)(=O)C=C)C1)=O,rand_9
molecule_133,O(CC(N(C)CCN(C(=O)O)C)=O)CCOCCOCCn1nnc(CNC(C2CN(S(=O)(=O)C=C)CCN2S(=O)(C=C)=O)=O)c1,rand_10
molecule_134,C(COCCOCCOCCOCCn1nnc(CCCCNc2nc(C=C)cc(C=C)n2)c1)(O)=O,rand_1
molecule_134,C(Cc1nnn(CCOCCOCCOCCOCC(O)=O)c1)CCNc1nc(C=C)cc(C=C)n1,rand_2
molecule_134,c1(C=C)nc(NCCCCc2cn(CCOCCOCCOCCOCC(O)=O)nn2)nc(C=C)c1,rand_3
molecule_134,c1n(CCOCCOCCOCCOCC(=O)O)nnc1CCCCNc1nc(C=C)cc(C=C)n1,rand_4
molecule_134,O=C(O)COCCOCCOCCOCCn1cc(CCCCNc2nc(C=C)cc(C=C)n2)nn1,rand_5
molecule_134,C(OCCOCCOCCOCC(=O)O)Cn1nnc(CCCCNc2nc(C=C)cc(C=C)n2)c1,rand_6
molecule_134,OC(COCCOCCOCCOCCn1cc(CCCCNc2nc(C=C)cc(C=C)n2)nn1)=O,rand_7
molecule_134,C=Cc1nc(NCCCCc2nnn(CCOCCOCCOCCOCC(O)=O)c2)nc(C=C)c1,rand_8
molecule_134,O(CCn1cc(CCCCNc2nc(C=C)cc(C=C)n2)nn1)CCOCCOCCOCC(O)=O,rand_9
molecule_134,C(COCCOCCn1nnc(CCCCNc2nc(C=C)cc(C=C)n2)c1)OCCOCC(=O)O,rand_10
molecule_135,O=C(ON1C(=O)CCC1=O)C1CCC(CN2C(=O)C(SCCC(=O)N)=CC2=O)CC1,rand_1
molecule_135,C(N)(CCSC1=CC(=O)N(CC2CCC(C(=O)ON3C(=O)CCC3=O)CC2)C1=O)=O,rand_2
molecule_135,C1(C(ON2C(=O)CCC2=O)=O)CCC(CN2C(=O)C=C(SCCC(=O)N)C2=O)CC1,rand_3
molecule_135,C(N1C(=O)C(SCCC(N)=O)=CC1=O)C1CCC(C(=O)ON2C(=O)CCC2=O)CC1,rand_4
molecule_135,C(N1C(=O)C(SCCC(=O)N)=CC1=O)C1CCC(C(ON2C(=O)CCC2=O)=O)CC1,rand_5
molecule_135,NC(=O)CCSC1=CC(=O)N(CC2CCC(C(=O)ON3C(=O)CCC3=O)CC2)C1=O,rand_6
molecule_135,O=C(N)CCSC1=CC(=O)N(CC2CCC(C(=O)ON3C(=O)CCC3=O)CC2)C1=O,rand_7
molecule_135,O=C1CCC(=O)N1OC(C1CCC(CN2C(=O)C(SCCC(N)=O)=CC2=O)CC1)=O,rand_8
molecule_135,O=C1C=C(SCCC(=O)N)C(=O)N1CC1CCC(C(ON2C(=O)CCC2=O)=O)CC1,rand_9
molecule_135,C1(=O)N(OC(=O)C2CCC(CN3C(=O)C(SCCC(=O)N)=CC3=O)CC2)C(=O)CC1,rand_10
molecule_136,C(NC(C(Nc1ccc(CO)cc1)=O)C)(=O)C(C(C)C)NC(CCOCCOCCNC(=O)CCN1C(=O)C=CC1=O)=O,rand_1
molecule_136,C1(=O)C=CC(=O)N1CCC(NCCOCCOCCC(NC(C(NC(C)C(=O)Nc1ccc(CO)cc1)=O)C(C)C)=O)=O,rand_2
molecule_136,CC(C)C(NC(CCOCCOCCNC(CCN1C(=O)C=CC1=O)=O)=O)C(=O)NC(C(Nc1ccc(CO)cc1)=O)C,rand_3
molecule_136,CC(C)C(NC(CCOCCOCCNC(=O)CCN1C(=O)C=CC1=O)=O)C(=O)NC(C(Nc1ccc(CO)cc1)=O)C,rand_4
molecule_136,O=C1N(CCC(=O)NCCOCCOCCC(NC(C(=O)NC(C)C(Nc2ccc(CO)cc2)=O)C(C)C)=O)C(=O)C=C1,rand_5
molecule_136,c1cc(NC(=O)C(C)NC(C(NC(=O)CCOCCOCCNC(=O)CCN2C(=O)C=CC2=O)C(C)C)=O)ccc1CO,rand_6
molecule_136,C(C(NCCOCCOCCC(NC(C(C)C)C(NC(C(=O)Nc1ccc(CO)cc1)C)=O)=O)=O)CN1C(=O)C=CC1=O,rand_7
molecule_136,c1(CO)ccc(NC(C(C)NC(=O)C(NC(CCOCCOCCNC(=O)CCN2C(=O)C=CC2=O)=O)C(C)C)=O)cc1,rand_8
molecule_136,C1=CC(=O)N(CCC(NCCOCCOCCC(=O)NC(C(=O)NC(C(Nc2ccc(CO)cc2)=O)C)C(C)C)=O)C1=O,rand_9
molecule_136,CC(C(NC(=O)CCOCCOCCNC(CCN1C(=O)C=CC1=O)=O)C(NC(C(=O)Nc1ccc(CO)cc1)C)=O)C,rand_10
molecule_137,C1(=O)N(OC(=O)CCOCCOCCOCCOCCNC(CCN2C(=O)C=CC2=O)=O)C(=O)CC1,rand_1
molecule_137,C(COCCOCCOCCOCCC(ON1C(=O)CCC1=O)=O)NC(=O)CCN1C(=O)C=CC1=O,rand_2
molecule_137,N1(CCC(NCCOCCOCCOCCOCCC(=O)ON2C(=O)CCC2=O)=O)C(=O)C=CC1=O,rand_3
molecule_137,C(COCCOCCOCCC(=O)ON1C(=O)CCC1=O)OCCNC(CCN1C(=O)C=CC1=O)=O,rand_4
molecule_137,O=C1CCC(=O)N1OC(CCOCCOCCOCCOCCNC(=O)CCN1C(=O)C=CC1=O)=O,rand_5
molecule_137,C(COCCOCCC(=O)ON1C(=O)CCC1=O)OCCOCCNC(=O)CCN1C(=O)C=CC1=O,rand_6
molecule_137,C1CC(=O)N(OC(=O)CCOCCOCCOCCOCCNC(CCN2C(=O)C=CC2=O)=O)C1=O,rand_7
molecule_137,O=C(NCCOCCOCCOCCOCCC(ON1C(=O)CCC1=O)=O)CCN1C(=O)C=CC1=O,rand_8
molecule_137,C(COCCOCCNC(CCN1C(=O)C=CC1=O)=O)OCCOCCC(=O)ON1C(=O)CCC1=O,rand_9
molecule_137,C(OCCOCCOCCOCCNC(CCN1C(=O)C=CC1=O)=O)CC(=O)ON1C(=O)CCC1=O,rand_10
molecule_138,c1ccc2c(c1)-c1c(n(CCCN(C)C(C(NC(C)C(O)=O)=O)C(C)C)nn1)-c1c(cccc1)CN2C(CCNC(CCOCCOCCOCCOCCNC(CCN1C(=O)C=CC1=O)=O)=O)=O,rand_1
molecule_138,c12c(cccc1)-c1c(n(CCCN(C)C(C(C)C)C(NC(C)C(O)=O)=O)nn1)-c1c(cccc1)CN2C(CCNC(=O)CCOCCOCCOCCOCCNC(CCN1C(=O)C=CC1=O)=O)=O,rand_2
molecule_138,C(CCN(C(C(C)C)C(=O)NC(C(=O)O)C)C)n1c2c(nn1)-c1c(cccc1)N(C(=O)CCNC(CCOCCOCCOCCOCCNC(CCN1C(=O)C=CC1=O)=O)=O)Cc1ccccc1-2,rand_3
molecule_138,c1cccc2c1N(C(CCNC(CCOCCOCCOCCOCCNC(CCN1C(=O)C=CC1=O)=O)=O)=O)Cc1c(cccc1)-c1n(CCCN(C(C(C)C)C(=O)NC(C(O)=O)C)C)nnc1-2,rand_4
molecule_138,C(COCCOCCOCCOCCNC(=O)CCN1C(=O)C=CC1=O)C(=O)NCCC(=O)N1Cc2ccccc2-c2c(nnn2CCCN(C)C(C(NC(C(O)=O)C)=O)C(C)C)-c2c1cccc2,rand_5
molecule_138,CC(C(=O)O)NC(C(N(CCCn1c2c(nn1)-c1ccccc1N(C(CCNC(CCOCCOCCOCCOCCNC(CCN1C(=O)C=CC1=O)=O)=O)=O)Cc1ccccc1-2)C)C(C)C)=O,rand_6
molecule_138,c12c(nnn1CCCN(C)C(C(NC(C)C(O)=O)=O)C(C)C)-c1c(cccc1)N(C(=O)CCNC(=O)CCOCCOCCOCCOCCNC(=O)CCN1C(=O)C=CC1=O)Cc1c-2cccc1,rand_7
molecule_138,n1c2c(n(CCCN(C)C(C(NC(C)C(O)=O)=O)C(C)C)n1)-c1c(cccc1)CN(C(=O)CCNC(=O)CCOCCOCCOCCOCCNC(=O)CCN1C(=O)C=CC1=O)c1ccccc1-2,rand_8
molecule_138,c1c2c(ccc1)-c1nnn(CCCN(C(C(C)C)C(NC(C)C(O)=O)=O)C)c1-c1ccccc1CN2C(=O)CCNC(CCOCCOCCOCCOCCNC(=O)CCN1C(=O)C=CC1=O)=O,rand_9
molecule_138,C1=CC(=O)N(CCC(=O)NCCOCCOCCOCCOCCC(NCCC(N2c3c(cccc3)-c3c(n(CCCN(C)C(C(NC(C(=O)O)C)=O)C(C)C)nn3)-c3ccccc3C2)=O)=O)C1=O,rand_10
molecule_139,C(CCCCN1C(=O)C=CC1=O)C(NCCC)=O,rand_1
molecule_139,C(CN1C(=O)C=CC1=O)CCCC(=O)NCCC,rand_2
molecule_139,N1(CCCCCC(=O)NCCC)C(=O)C=CC1=O,rand_3
molecule_139,C(C(NCCC)=O)CCCCN1C(=O)C=CC1=O,rand_4
molecule_139,O=C(CCCCCN1C(=O)C=CC1=O)NCCC,rand_5
molecule_139,O=C(CCCCCN1C(=O)C=CC1=O)NCCC,rand_6
molecule_139,C1=CC(=O)N(CCCCCC(=O)NCCC)C1=O,rand_7
molecule_139,C1=CC(=O)N(CCCCCC(=O)NCCC)C1=O,rand_8
molecule_139,C1=CC(=O)N(CCCCCC(NCCC)=O)C1=O,rand_9
molecule_139,N(CCC)C(=O)CCCCCN1C(=O)C=CC1=O,rand_10
molecule_140,C(CC(NCCOCCOCCOCCOCCC(NC(C(NC(C(=O)Nc1ccc(CO)cc1)C)=O)C(C)C)=O)=O)N1C(=O)C=CC1=O,rand_1
molecule_140,N(C(=O)CCN1C(=O)C=CC1=O)CCOCCOCCOCCOCCC(NC(C(C)C)C(NC(C)C(=O)Nc1ccc(CO)cc1)=O)=O,rand_2
molecule_140,C(COCCOCCOCCNC(=O)CCN1C(=O)C=CC1=O)OCCC(NC(C(C)C)C(=O)NC(C(=O)Nc1ccc(CO)cc1)C)=O,rand_3
molecule_140,N(C(CCOCCOCCOCCOCCNC(=O)CCN1C(=O)C=CC1=O)=O)C(C(C)C)C(=O)NC(C)C(=O)Nc1ccc(CO)cc1,rand_4
molecule_140,c1cc(CO)ccc1NC(C(NC(=O)C(NC(=O)CCOCCOCCOCCOCCNC(CCN1C(=O)C=CC1=O)=O)C(C)C)C)=O,rand_5
molecule_140,c1cc(CO)ccc1NC(=O)C(C)NC(C(NC(=O)CCOCCOCCOCCOCCNC(CCN1C(=O)C=CC1=O)=O)C(C)C)=O,rand_6
molecule_140,C(COCCC(NC(C(C)C)C(NC(C)C(Nc1ccc(CO)cc1)=O)=O)=O)OCCOCCOCCNC(CCN1C(=O)C=CC1=O)=O,rand_7
molecule_140,c1c(CO)ccc(NC(C(C)NC(=O)C(C(C)C)NC(CCOCCOCCOCCOCCNC(=O)CCN2C(=O)C=CC2=O)=O)=O)c1,rand_8
molecule_140,c1cc(NC(=O)C(NC(=O)C(C(C)C)NC(=O)CCOCCOCCOCCOCCNC(CCN2C(=O)C=CC2=O)=O)C)ccc1CO,rand_9
molecule_140,CC(C(C(NC(C(=O)Nc1ccc(CO)cc1)C)=O)NC(=O)CCOCCOCCOCCOCCNC(CCN1C(=O)C=CC1=O)=O)C,rand_10
molecule_141,O=C(Nc1ccc(COC(=O)N(C)CCN(C(=O)O)C)cc1)C(NC(C(NC(=O)CCCCCN1C(=O)C=CC1=O)C(C)C)=O)CCCNC(=O)N,rand_1
molecule_141,C(c1ccc(NC(=O)C(CCCNC(=O)N)NC(C(C(C)C)NC(=O)CCCCCN2C(=O)C=CC2=O)=O)cc1)OC(N(C)CCN(C(=O)O)C)=O,rand_2
molecule_141,N1(CCCCCC(=O)NC(C(C)C)C(=O)NC(CCCNC(N)=O)C(=O)Nc2ccc(COC(=O)N(CCN(C(O)=O)C)C)cc2)C(=O)C=CC1=O,rand_3
molecule_141,C(CNC(=O)N)CC(NC(=O)C(NC(=O)CCCCCN1C(=O)C=CC1=O)C(C)C)C(=O)Nc1ccc(COC(N(C)CCN(C(O)=O)C)=O)cc1,rand_4
molecule_141,c1c(NC(=O)C(NC(C(NC(=O)CCCCCN2C(=O)C=CC2=O)C(C)C)=O)CCCNC(=O)N)ccc(COC(N(CCN(C)C(=O)O)C)=O)c1,rand_5
molecule_141,c1cc(COC(N(CCN(C)C(O)=O)C)=O)ccc1NC(=O)C(CCCNC(=O)N)NC(C(NC(CCCCCN1C(=O)C=CC1=O)=O)C(C)C)=O,rand_6
molecule_141,C(C(Nc1ccc(COC(=O)N(CCN(C)C(=O)O)C)cc1)=O)(NC(=O)C(C(C)C)NC(=O)CCCCCN1C(=O)C=CC1=O)CCCNC(=O)N,rand_7
molecule_141,c1cc(NC(C(CCCNC(N)=O)NC(=O)C(C(C)C)NC(=O)CCCCCN2C(=O)C=CC2=O)=O)ccc1COC(=O)N(CCN(C)C(=O)O)C,rand_8
molecule_141,C(C(=O)NC(C(NC(CCCNC(=O)N)C(Nc1ccc(COC(N(C)CCN(C(O)=O)C)=O)cc1)=O)=O)C(C)C)CCCCN1C(=O)C=CC1=O,rand_9
molecule_141,C(NCCCC(NC(=O)C(NC(CCCCCN1C(=O)C=CC1=O)=O)C(C)C)C(Nc1ccc(COC(N(C)CCN(C)C(O)=O)=O)cc1)=O)(=O)N,rand_10
molecule_142,c1cc(NC(C(NC(=O)C(NC(=O)C(NC(CCCCCN2C(=O)C=CC2=O)=O)CCCCNCCCOCCOCCOCCOCCOCCOCCOCCOC)C(C)C)C)=O)ccc1CO,rand_1
molecule_142,c1c(NC(C(C)NC(C(C(C)C)NC(=O)C(NC(CCCCCN2C(=O)C=CC2=O)=O)CCCCNCCCOCCOCCOCCOCCOCCOCCOCCOC)=O)=O)ccc(CO)c1,rand_2
molecule_142,C(CCCCNCCCOCCOCCOCCOCCOCCOCCOCCOC)(C(=O)NC(C(C)C)C(NC(C)C(Nc1ccc(CO)cc1)=O)=O)NC(=O)CCCCCN1C(=O)C=CC1=O,rand_3
molecule_142,c1(CO)ccc(NC(C(NC(=O)C(C(C)C)NC(C(NC(=O)CCCCCN2C(=O)C=CC2=O)CCCCNCCCOCCOCCOCCOCCOCCOCCOCCOC)=O)C)=O)cc1,rand_4
molecule_142,O=C(CCCCCN1C(=O)C=CC1=O)NC(C(=O)NC(C(C)C)C(=O)NC(C)C(Nc1ccc(CO)cc1)=O)CCCCNCCCOCCOCCOCCOCCOCCOCCOCCOC,rand_5
molecule_142,COCCOCCOCCOCCOCCOCCOCCOCCCNCCCCC(NC(CCCCCN1C(=O)C=CC1=O)=O)C(=O)NC(C(=O)NC(C)C(Nc1ccc(CO)cc1)=O)C(C)C,rand_6
molecule_142,C(COCCOCCOCCOCCOCCOC)OCCOCCCNCCCCC(NC(CCCCCN1C(=O)C=CC1=O)=O)C(NC(C(NC(C(Nc1ccc(CO)cc1)=O)C)=O)C(C)C)=O,rand_7
molecule_142,C(NC(=O)C(NC(C(NC(CCCCCN1C(=O)C=CC1=O)=O)CCCCNCCCOCCOCCOCCOCCOCCOCCOCCOC)=O)C(C)C)(C(Nc1ccc(CO)cc1)=O)C,rand_8
molecule_142,C(=O)(C(NC(=O)CCCCCN1C(=O)C=CC1=O)CCCCNCCCOCCOCCOCCOCCOCCOCCOCCOC)NC(C(NC(C)C(=O)Nc1ccc(CO)cc1)=O)C(C)C,rand_9
molecule_142,C(CCCC(=O)NC(CCCCNCCCOCCOCCOCCOCCOCCOCCOCCOC)C(NC(C(C)C)C(NC(C(=O)Nc1ccc(CO)cc1)C)=O)=O)CN1C(=O)C=CC1=O,rand_10
molecule_143,C1C(C(NC(C(=O)NC(C(NC)=O)CCC(O)=O)CCC(O)=O)=O)N(C(=O)C(CC(C)C)NC(=O)C(NC(C(C)NC(=O)C(C)NC(=O)CN)=O)C)CC1,rand_1
molecule_143,C(=O)(C1N(C(C(NC(=O)C(C)NC(C(C)NC(=O)C(C)NC(CN)=O)=O)CC(C)C)=O)CCC1)NC(C(=O)NC(C(=O)NC)CCC(=O)O)CCC(=O)O,rand_2
molecule_143,O=C(C(NC(C(NC(CN)=O)C)=O)C)NC(C)C(=O)NC(C(N1C(C(=O)NC(CCC(=O)O)C(NC(CCC(O)=O)C(=O)NC)=O)CCC1)=O)CC(C)C,rand_3
molecule_143,C(C(N1C(C(NC(C(=O)NC(C(NC)=O)CCC(O)=O)CCC(=O)O)=O)CCC1)=O)(CC(C)C)NC(=O)C(NC(=O)C(C)NC(=O)C(NC(=O)CN)C)C,rand_4
molecule_143,O=C(C(C)NC(CN)=O)NC(C(NC(C(NC(CC(C)C)C(=O)N1C(C(=O)NC(C(NC(CCC(=O)O)C(=O)NC)=O)CCC(O)=O)CCC1)=O)C)=O)C,rand_5
molecule_143,CNC(C(NC(=O)C(CCC(O)=O)NC(C1CCCN1C(C(CC(C)C)NC(=O)C(C)NC(=O)C(C)NC(=O)C(C)NC(CN)=O)=O)=O)CCC(=O)O)=O,rand_6
molecule_143,O=C(NC(C(NC(C(NC(C)C(NC(CC(C)C)C(N1C(C(NC(C(=O)NC(C(NC)=O)CCC(O)=O)CCC(O)=O)=O)CCC1)=O)=O)=O)C)=O)C)CN,rand_7
molecule_143,C(CC(=O)O)C(NC(=O)C1CCCN1C(C(NC(=O)C(C)NC(=O)C(C)NC(=O)C(C)NC(CN)=O)CC(C)C)=O)C(NC(C(NC)=O)CCC(=O)O)=O,rand_8
molecule_143,O=C(NC(C(=O)N1C(C(NC(CCC(=O)O)C(=O)NC(CCC(O)=O)C(=O)NC)=O)CCC1)CC(C)C)C(C)NC(C(C)NC(=O)C(NC(CN)=O)C)=O,rand_9
molecule_143,N(C(CN)=O)C(C)C(=O)NC(C)C(NC(C(=O)NC(CC(C)C)C(=O)N1C(C(NC(C(=O)NC(CCC(=O)O)C(=O)NC)CCC(=O)O)=O)CCC1)C)=O,rand_10
molecule_144,C(CON)OCCOCCOCCO,rand_1
molecule_144,C(OCCOCCOCCON)CO,rand_2
molecule_144,O(CCOCCON)CCOCCO,rand_3
molecule_144,O(CCON)CCOCCOCCO,rand_4
molecule_144,C(OCCON)COCCOCCO,rand_5
molecule_144,OCCOCCOCCOCCON,rand_6
molecule_144,C(COCCOCCOCCON)O,rand_7
molecule_144,O(CCO)CCOCCOCCON,rand_8
molecule_144,OCCOCCOCCOCCON,rand_9
molecule_144,C(CON)OCCOCCOCCO,rand_10
molecule_145,C1(=O)N(OC(CI)=O)C(=O)CC1,rand_1
molecule_145,O=C(ON1C(=O)CCC1=O)CI,rand_2
molecule_145,C1(=O)N(OC(=O)CI)C(=O)CC1,rand_3
molecule_145,O=C1N(OC(=O)CI)C(=O)CC1,rand_4
molecule_145,O(N1C(=O)CCC1=O)C(=O)CI,rand_5
molecule_145,C(ON1C(=O)CCC1=O)(=O)CI,rand_6
molecule_145,O(C(CI)=O)N1C(=O)CCC1=O,rand_7
molecule_145,O(C(=O)CI)N1C(=O)CCC1=O,rand_8
molecule_145,O(N1C(=O)CCC1=O)C(=O)CI,rand_9
molecule_145,C1(=O)CCC(=O)N1OC(CI)=O,rand_10
molecule_146,CC(C(C(O)=O)N(C(=O)CCCCCNC(COCC(=O)Nc1ccc(CCC(=O)N2C(=O)CC2)cc1)=O)C)C,rand_1
molecule_146,c1c(CCC(N2C(=O)CC2)=O)ccc(NC(=O)COCC(NCCCCCC(=O)N(C(C(C)C)C(O)=O)C)=O)c1,rand_2
molecule_146,C(c1ccc(NC(=O)COCC(NCCCCCC(N(C)C(C(=O)O)C(C)C)=O)=O)cc1)CC(=O)N1CCC1=O,rand_3
molecule_146,c1(CCC(N2C(=O)CC2)=O)ccc(NC(COCC(NCCCCCC(N(C(C(O)=O)C(C)C)C)=O)=O)=O)cc1,rand_4
molecule_146,O(CC(=O)NCCCCCC(=O)N(C(C(O)=O)C(C)C)C)CC(Nc1ccc(CCC(N2CCC2=O)=O)cc1)=O,rand_5
molecule_146,N(C(C(O)=O)C(C)C)(C)C(CCCCCNC(COCC(Nc1ccc(CCC(=O)N2CCC2=O)cc1)=O)=O)=O,rand_6
molecule_146,C(=O)(NCCCCCC(N(C)C(C(C)C)C(=O)O)=O)COCC(Nc1ccc(CCC(=O)N2CCC2=O)cc1)=O,rand_7
molecule_146,C1C(=O)N(C(CCc2ccc(NC(=O)COCC(NCCCCCC(N(C)C(C(C)C)C(O)=O)=O)=O)cc2)=O)C1,rand_8
molecule_146,O(CC(NCCCCCC(N(C)C(C(O)=O)C(C)C)=O)=O)CC(=O)Nc1ccc(CCC(=O)N2C(=O)CC2)cc1,rand_9
molecule_146,CC(C(N(C)C(CCCCCNC(=O)COCC(Nc1ccc(CCC(=O)N2CCC2=O)cc1)=O)=O)C(=O)O)C,rand_10
molecule_147,C(CCN)SC1CC(=O)N(CCCCCC(=O)O)C1=O,rand_1
molecule_147,C(CCN1C(=O)C(SCCCN)CC1=O)CCC(O)=O,rand_2
molecule_147,C(C(O)=O)CCCCN1C(=O)CC(SCCCN)C1=O,rand_3
molecule_147,O=C1N(CCCCCC(O)=O)C(=O)CC1SCCCN,rand_4
molecule_147,C(CN)CSC1C(=O)N(CCCCCC(O)=O)C(=O)C1,rand_5
molecule_147,OC(CCCCCN1C(=O)CC(SCCCN)C1=O)=O,rand_6
molecule_147,C(CCSC1C(=O)N(CCCCCC(O)=O)C(=O)C1)N,rand_7
molecule_147,C1(=O)CC(SCCCN)C(=O)N1CCCCCC(=O)O,rand_8
molecule_147,C(CCN)SC1CC(=O)N(CCCCCC(=O)O)C1=O,rand_9
molecule_147,C1(=O)CC(SCCCN)C(=O)N1CCCCCC(O)=O,rand_10
molecule_148,S(=O)(=O)(C=C)N1CC(C(NCc2cn(CCOCCOCCOCCNC(O)=O)nn2)=O)N(S(=O)(=O)C=C)CC1,rand_1
molecule_148,O(CCOCCNC(O)=O)CCOCCn1nnc(CNC(C2CN(S(C=C)(=O)=O)CCN2S(C=C)(=O)=O)=O)c1,rand_2
molecule_148,C(COCCOCCn1nnc(CNC(=O)C2CN(S(=O)(C=C)=O)CCN2S(=O)(C=C)=O)c1)OCCNC(O)=O,rand_3
molecule_148,C(COCCNC(O)=O)OCCOCCn1cc(CNC(=O)C2CN(S(=O)(=O)C=C)CCN2S(=O)(C=C)=O)nn1,rand_4
molecule_148,c1c(CNC(=O)C2CN(S(=O)(=O)C=C)CCN2S(=O)(=O)C=C)nnn1CCOCCOCCOCCNC(O)=O,rand_5
molecule_148,C1CN(S(=O)(=O)C=C)CC(C(NCc2nnn(CCOCCOCCOCCNC(O)=O)c2)=O)N1S(C=C)(=O)=O,rand_6
molecule_148,N(Cc1cn(CCOCCOCCOCCNC(O)=O)nn1)C(=O)C1CN(S(C=C)(=O)=O)CCN1S(=O)(C=C)=O,rand_7
molecule_148,O=C(NCCOCCOCCOCCn1nnc(CNC(=O)C2CN(S(C=C)(=O)=O)CCN2S(=O)(C=C)=O)c1)O,rand_8
molecule_148,c1c(CNC(=O)C2N(S(=O)(C=C)=O)CCN(S(=O)(=O)C=C)C2)nnn1CCOCCOCCOCCNC(O)=O,rand_9
molecule_148,S(N1CCN(S(C=C)(=O)=O)C(C(=O)NCc2cn(CCOCCOCCOCCNC(=O)O)nn2)C1)(=O)(C=C)=O,rand_10
molecule_149,C(OCCOCCOCCN(C(O)=O)CCN(C)C(COCCOCCOCCn1cc(CNC(C2CN(S(=O)(=O)C=C)CCN2S(=O)(=O)C=C)=O)nn1)=O)COC,rand_1
molecule_149,n1nc(CNC(=O)C2CN(S(C=C)(=O)=O)CCN2S(=O)(C=C)=O)cn1CCOCCOCCOCC(=O)N(C)CCN(C(=O)O)CCOCCOCCOCCOC,rand_2
molecule_149,C(COCCOCCN(CCN(C)C(COCCOCCOCCn1nnc(CNC(=O)C2CN(S(=O)(C=C)=O)CCN2S(C=C)(=O)=O)c1)=O)C(=O)O)OCCOC,rand_3
molecule_149,O=S(=O)(C=C)N1CCN(S(C=C)(=O)=O)C(C(=O)NCc2cn(CCOCCOCCOCC(=O)N(C)CCN(C(O)=O)CCOCCOCCOCCOC)nn2)C1,rand_4
molecule_149,C(C(N(CCN(C(O)=O)CCOCCOCCOCCOC)C)=O)OCCOCCOCCn1cc(CNC(=O)C2CN(S(=O)(=O)C=C)CCN2S(=O)(=O)C=C)nn1,rand_5
molecule_149,C=CS(=O)(N1CC(C(NCc2nnn(CCOCCOCCOCC(N(CCN(C(O)=O)CCOCCOCCOCCOC)C)=O)c2)=O)N(S(C=C)(=O)=O)CC1)=O,rand_6
molecule_149,C(OCC(=O)N(CCN(C(=O)O)CCOCCOCCOCCOC)C)COCCOCCn1cc(CNC(=O)C2CN(S(C=C)(=O)=O)CCN2S(=O)(C=C)=O)nn1,rand_7
molecule_149,C(=C)S(=O)(N1CC(C(=O)NCc2nnn(CCOCCOCCOCC(=O)N(CCN(CCOCCOCCOCCOC)C(O)=O)C)c2)N(S(C=C)(=O)=O)CC1)=O,rand_8
molecule_149,N(CCN(CCOCCOCCOCCOC)C(O)=O)(C(COCCOCCOCCn1cc(CNC(C2N(S(=O)(C=C)=O)CCN(S(=O)(=O)C=C)C2)=O)nn1)=O)C,rand_9
molecule_149,C(OCCOCCOCCn1cc(CNC(C2CN(S(=O)(=O)C=C)CCN2S(=O)(C=C)=O)=O)nn1)C(N(C)CCN(CCOCCOCCOCCOC)C(=O)O)=O,rand_10
molecule_150,O(CCOCCN1C(=O)C=CC1=O)CCOCCOCC(ON1C(=O)CCC1=O)=O,rand_1
molecule_150,C1CC(=O)N(OC(=O)COCCOCCOCCOCCN2C(=O)C=CC2=O)C1=O,rand_2
molecule_150,C(OCCOCC(ON1C(=O)CCC1=O)=O)COCCOCCN1C(=O)C=CC1=O,rand_3
molecule_150,O(CC(ON1C(=O)CCC1=O)=O)CCOCCOCCOCCN1C(=O)C=CC1=O,rand_4
molecule_150,O(CC(ON1C(=O)CCC1=O)=O)CCOCCOCCOCCN1C(=O)C=CC1=O,rand_5
molecule_150,C1C(=O)N(OC(=O)COCCOCCOCCOCCN2C(=O)C=CC2=O)C(=O)C1,rand_6
molecule_150,C1(=O)CCC(=O)N1OC(=O)COCCOCCOCCOCCN1C(=O)C=CC1=O,rand_7
molecule_150,O=C1N(CCOCCOCCOCCOCC(ON2C(=O)CCC2=O)=O)C(=O)C=C1,rand_8
molecule_150,O=C(ON1C(=O)CCC1=O)COCCOCCOCCOCCN1C(=O)C=CC1=O,rand_9
molecule_150,O(CCN1C(=O)C=CC1=O)CCOCCOCCOCC(ON1C(=O)CCC1=O)=O,rand_10
molecule_151,O=C(c1cc(CO)ccc1OC1OC(C(O)=O)C(O)C(O)C1O)NCCOCCOCCO/N=C(\C)CC/C(C)=C/CC/C(=C/CSC)C,rand_1
molecule_151,C(CNC(=O)c1c(OC2C(O)C(O)C(O)C(C(O)=O)O2)ccc(CO)c1)OCCOCCO/N=C(/CC/C(C)=C/CC/C(=C/CSC)C)C,rand_2
molecule_151,C(/C(=N/OCCOCCOCCNC(c1c(OC2C(O)C(O)C(O)C(C(=O)O)O2)ccc(CO)c1)=O)C)C/C(C)=C/CC/C(C)=C/CSC,rand_3
molecule_151,C(/C(=C/CSC)C)C/C=C(/CC/C(=N/OCCOCCOCCNC(c1cc(CO)ccc1OC1C(O)C(O)C(O)C(C(=O)O)O1)=O)C)C,rand_4
molecule_151,OC(=O)C1C(O)C(O)C(O)C(Oc2c(C(NCCOCCOCCO/N=C(/CC/C(C)=C/CC/C(=C/CSC)C)C)=O)cc(CO)cc2)O1,rand_5
molecule_151,OC1C(Oc2c(C(=O)NCCOCCOCCO/N=C(\C)CC/C(=C/CC/C(=C/CSC)C)C)cc(CO)cc2)OC(C(=O)O)C(O)C1O,rand_6
molecule_151,C(=N/OCCOCCOCCNC(=O)c1cc(CO)ccc1OC1OC(C(=O)O)C(O)C(O)C1O)(\CC/C(C)=C/CC/C(C)=C/CSC)C,rand_7
molecule_151,C1(O)C(O)C(O)C(Oc2c(C(NCCOCCOCCO/N=C(/CC/C(C)=C/CC/C(C)=C/CSC)C)=O)cc(CO)cc2)OC1C(O)=O,rand_8
molecule_151,C1(O)C(C(O)=O)OC(Oc2ccc(CO)cc2C(NCCOCCOCCO/N=C(\C)CC/C(=C/CC/C(C)=C/CSC)C)=O)C(O)C1O,rand_9
molecule_151,C1(Oc2ccc(CO)cc2C(=O)NCCOCCOCCO/N=C(/CC/C(C)=C/CC/C(=C/CSC)C)C)OC(C(=O)O)C(O)C(O)C1O,rand_10
